Datetime,Close,High,Low,Open,Volume,SMA_FAST,SMA_FAST_DIFF,SMA_SLOW,SMA_SLOW_DIFF,SMA_DIFFERENCE,RSI_14,RSI_14_DIFF,Low_prev1,Low_prev2,High_prev1,High_prev2,IsMaxHighOfDay,IsMinLowOfDay,MaxHighPred,MinLowPred
2025-08-05 10:00:00+00:00,1.162950038909912,1.1633000373840332,1.162950038909912,1.1633000373840332,10,1.1636399984359742,-0.00026998519897447615,1.16393399477005,0.00022400140762313114,-0.0002939963340757856,40.68150321494174,-3.7298491178392794,1.1626499891281128,1.1634999513626099,1.163849949836731,1.1634999513626099,0,0,0,0
2025-08-05 11:00:00+00:00,1.1632499694824219,1.1632499694824219,1.1624000072479248,1.1624000072479248,6,1.1633699893951417,-0.00027000904083251953,1.1641549944877625,0.00022099971771250004,-0.0007850050926208052,42.41728566748875,1.7357824525470065,1.162950038909912,1.1626499891281128,1.1633000373840332,1.163849949836731,0,1,0,0
2025-08-05 12:00:00+00:00,1.1628999710083008,1.1641499996185303,1.162500023841858,1.1638000011444092,51,1.163289976119995,-8.00132751466176e-05,1.1643509936332703,0.00019599914550783026,-0.001061017513275253,40.91277860617478,-1.5045070613139657,1.1624000072479248,1.162950038909912,1.1632499694824219,1.1633000373840332,0,0,0,0
2025-08-05 13:00:00+00:00,1.162850022315979,1.1648000478744507,1.162850022315979,1.1634000539779663,87,1.1631599903106689,-0.00012998580932621628,1.1645629930496215,0.00021199941635119401,-0.0014030027389526634,40.690963060352004,-0.2218155458227784,1.162500023841858,1.1624000072479248,1.1641499996185303,1.1632499694824219,0,0,0,0
2025-08-05 14:00:00+00:00,1.1660000085830688,1.1660000085830688,1.1629999876022339,1.1648999452590942,68,1.1635900020599366,0.00043001174926771135,1.1648599934577941,0.00029700040817259854,-0.0012699913978575506,56.65227364911475,15.961310588762743,1.162850022315979,1.162500023841858,1.1648000478744507,1.1641499996185303,0,0,0,0
2025-08-05 15:00:00+00:00,1.167549967765808,1.167549967765808,1.1660499572753906,1.1660499572753906,184,1.1645099878311158,0.0009199857711792436,1.1652199935913086,0.0003600001335144487,-0.0007100057601927556,62.062469843459255,5.410196194344508,1.1629999876022339,1.162850022315979,1.1660000085830688,1.1648000478744507,0,0,0,0
2025-08-05 16:00:00+00:00,1.1680999994277954,1.1680999994277954,1.1674000024795532,1.1674000024795532,101,1.1654799938201905,0.000970005989074707,1.1655569934844972,0.00033699989318858314,-7.699966430663174e-05,63.78962679268505,1.7271569492257939,1.1660499572753906,1.1629999876022339,1.167549967765808,1.1660000085830688,0,0,0,0
2025-08-05 17:00:00+00:00,1.167799949645996,1.167799949645996,1.1677000522613525,1.1677500009536743,80,1.1664599895477294,0.0009799957275389293,1.1658959913253784,0.00033899784088120555,0.000563998222351092,62.12797411525037,-1.661652677434681,1.1674000024795532,1.1660499572753906,1.1680999994277954,1.167549967765808,0,0,0,0
2025-08-05 19:00:00+00:00,1.166599988937378,1.166599988937378,1.166599988937378,1.166599988937378,0,1.1672099828720093,0.0007499933242798296,1.165943992137909,4.800081253053534e-05,0.0012659907341003862,55.861007922879395,-6.2669661923709725,1.1677000522613525,1.1674000024795532,1.167799949645996,1.1680999994277954,0,0,0,0
2025-08-06 00:00:00+00:00,1.166949987411499,1.166949987411499,1.1669000387191772,1.1669000387191772,11,1.1673999786376954,0.00018999576568612397,1.1659679913520813,2.399921417239881e-05,0.0014319872856141114,57.216600730019834,1.3555928071404395,1.166599988937378,1.1677000522613525,1.166599988937378,1.167799949645996,0,0,0,0
2025-08-06 01:00:00+00:00,1.166200041770935,1.166200041770935,1.166100025177002,1.166100025177002,5,1.1671299934387207,-0.0002699851989746982,1.1659629917144776,-4.999637603697593e-06,0.0011670017242431108,53.430074732210166,-3.786525997809669,1.1669000387191772,1.166599988937378,1.166949987411499,1.166599988937378,0,1,0,0
2025-08-06 02:00:00+00:00,1.166200041770935,1.1663999557495117,1.166100025177002,1.1663999557495117,18,1.1667500019073487,-0.0003799915313720259,1.165967993736267,5.002021789435318e-06,0.0007820081710816496,53.430074732210166,0.0,1.166100025177002,1.1669000387191772,1.166200041770935,1.166949987411499,0,1,0,0
2025-08-06 03:00:00+00:00,1.167099952697754,1.167099952697754,1.167099952697754,1.167099952697754,1,1.1666100025177002,-0.0001399993896484819,1.1660239934921264,5.5999755859348355e-05,0.0005860090255738193,57.357439763952435,3.9273650317422693,1.166100025177002,1.166100025177002,1.1663999557495117,1.166200041770935,0,0,0,0
2025-08-06 04:00:00+00:00,1.1678999662399292,1.1680999994277954,1.1672500371932983,1.1672999858856201,19,1.1668699979782104,0.0002599954605102539,1.1661419939994813,0.00011800050735488732,0.0007280039787291859,60.54311175083543,3.185671986882994,1.167099952697754,1.166100025177002,1.167099952697754,1.1663999557495117,0,0,0,0
2025-08-06 06:00:00+00:00,1.1676000356674194,1.167799949645996,1.1673500537872314,1.167549967765808,58,1.1670000076293945,0.00013000965118403762,1.1662099957466125,6.800174713128548e-05,0.000790011882781938,58.77045392865115,-1.7726578221842786,1.1672500371932983,1.167099952697754,1.1680999994277954,1.167099952697754,0,0,0,0
2025-08-06 07:00:00+00:00,1.1671500205993652,1.1672500371932983,1.1671500205993652,1.1672500371932983,10,1.1671900033950806,0.00018999576568612397,1.1662239956855773,1.3999938964781578e-05,0.0009660077095032804,56.11563411578207,-2.6548198128690785,1.1673500537872314,1.1672500371932983,1.167799949645996,1.1680999994277954,0,0,0,0
2025-08-06 08:00:00+00:00,1.1670000553131104,1.1673500537872314,1.1670000553131104,1.1673500537872314,5,1.1673500061035156,0.00016000270843496978,1.1661959958076478,-2.7999877929563155e-05,0.0011540102958678133,55.220425765827024,-0.8952083499550483,1.1671500205993652,1.1673500537872314,1.1672500371932983,1.167799949645996,0,0,0,0
2025-08-06 09:00:00+00:00,1.1679999828338623,1.1679999828338623,1.1679999828338623,1.1679999828338623,5,1.1675300121307373,0.0001800060272216797,1.1661749958992005,-2.099990844728339e-05,0.0013550162315367764,59.822804286303956,4.6023785204769325,1.1670000553131104,1.1671500205993652,1.1673500537872314,1.1672500371932983,0,0,0,0
2025-08-06 10:00:00+00:00,1.1702500581741333,1.1705000400543213,1.1688499450683594,1.1688499450683594,60,1.1680000305175782,0.00047001838684090913,1.1662159967422485,4.100084304803353e-05,0.001784033775329652,67.83422613417176,8.011421847867801,1.1679999828338623,1.1670000553131104,1.1679999828338623,1.1673500537872314,0,0,0,0
2025-08-06 11:00:00+00:00,1.17044997215271,1.170799970626831,1.1698499917984009,1.1698499917984009,51,1.1685700178146363,0.0005699872970581499,1.1663179969787598,0.00010200023651130152,0.0022520208358765004,68.4364345509533,0.6022084167815365,1.1688499450683594,1.1679999828338623,1.1705000400543213,1.1679999828338623,0,0,0,0
2025-08-06 12:00:00+00:00,1.1720000505447388,1.1720499992370605,1.1698499917984009,1.1698499917984009,87,1.169540023803711,0.000970005989074707,1.1664349985122682,0.00011700153350835407,0.0031050252914428533,72.70371804245934,4.267283491506049,1.1698499917984009,1.1688499450683594,1.170799970626831,1.1705000400543213,0,0,0,0
2025-08-06 13:00:00+00:00,1.1729999780654907,1.1729999780654907,1.1715999841690063,1.1721500158309937,148,1.170740008354187,0.0011999845504759854,1.1665569972991943,0.0001219987869260919,0.004183011054992747,75.04731175030227,2.3435937078429276,1.1698499917984009,1.1698499917984009,1.1720499992370605,1.170799970626831,0,0,0,0
2025-08-06 14:00:00+00:00,1.1725499629974365,1.1726499795913696,1.1718000173568726,1.1726499795913696,13,1.1716500043869018,0.0009099960327147993,1.1666619968414307,0.00010499954223641694,0.004988007545471129,72.04917752056616,-2.9981342297361095,1.1715999841690063,1.1698499917984009,1.1729999780654907,1.1720499992370605,0,0,0,0
2025-08-06 15:00:00+00:00,1.173949956893921,1.173949956893921,1.1720000505447388,1.1720000505447388,60,1.1723899841308594,0.0007399797439575639,1.1667999958992004,0.0001379990577696777,0.0055899882316590155,75.34862252942624,3.2994450088600757,1.1718000173568726,1.1715999841690063,1.1726499795913696,1.1729999780654907,0,0,0,0
2025-08-06 16:00:00+00:00,1.1740000247955322,1.1740000247955322,1.1740000247955322,1.1740000247955322,31,1.1730999946594238,0.0007100105285644531,1.1669459962844848,0.00014600038528445047,0.006153998374939018,75.46018944828936,0.11156691886311876,1.1720000505447388,1.1718000173568726,1.173949956893921,1.1726499795913696,0,0,0,0
2025-08-06 17:00:00+00:00,1.1744999885559082,1.1744999885559082,1.1736500263214111,1.1736500263214111,52,1.1735999822616576,0.0004999876022337979,1.1670929956436158,0.00014699935913098372,0.006506986618041832,76.59910252767897,1.13891307938961,1.1740000247955322,1.1720000505447388,1.1740000247955322,1.173949956893921,0,0,0,0
2025-08-06 18:00:00+00:00,1.1756000518798828,1.176200032234192,1.1744500398635864,1.1744500398635864,10,1.1741199970245362,0.0005200147628785512,1.167284996509552,0.0001920008659361816,0.006835000514984202,78.9175838406335,2.318481312954532,1.1736500263214111,1.1740000247955322,1.1744999885559082,1.1740000247955322,1,0,0,0
2025-08-06 19:00:00+00:00,1.1750999689102173,1.1757500171661377,1.1750999689102173,1.1756500005722046,64,1.1746299982070922,0.0005100011825560635,1.167475996017456,0.00019099950790413267,0.007154002189636133,75.26682019289689,-3.6507636477366106,1.1744500398635864,1.1736500263214111,1.176200032234192,1.1744999885559082,0,0,0,0
2025-08-06 20:00:00+00:00,1.1744999885559082,1.1744999885559082,1.1744999885559082,1.1744999885559082,1,1.1747400045394898,0.00011000633239754976,1.167631995677948,0.00015599966049184566,0.007108008861541837,71.02178616278584,-4.245034030111043,1.1750999689102173,1.1744500398635864,1.1757500171661377,1.176200032234192,0,0,0,0
2025-08-06 22:00:00+00:00,1.1756000518798828,1.1756000518798828,1.1756000518798828,1.1756000518798828,0,1.17506000995636,0.0003200054168701616,1.1678149962425233,0.00018300056457531966,0.007245013713836679,73.92553081011869,2.903744647332843,1.1744999885559082,1.1750999689102173,1.1744999885559082,1.1757500171661377,0,0,0,0
2025-08-07 00:00:00+00:00,1.174399971961975,1.174399971961975,1.174399971961975,1.174399971961975,1,1.1750400066375732,-2.000331878670991e-05,1.167978994846344,0.00016399860382065867,0.00706101179122931,66.13935941020668,-7.786171399912007,1.1756000518798828,1.1744999885559082,1.1756000518798828,1.1744999885559082,0,0,0,0
2025-08-07 01:00:00+00:00,1.1750500202178955,1.1753499507904053,1.1743500232696533,1.1743500232696533,16,1.1749300003051757,-0.00011000633239754976,1.1681169962882996,0.00013800144195563746,0.006813004016876123,68.09932944943934,1.9599700392326582,1.174399971961975,1.1756000518798828,1.174399971961975,1.1756000518798828,0,0,0,0
2025-08-07 02:00:00+00:00,1.1748499870300293,1.1748499870300293,1.1748499870300293,1.1748499870300293,5,1.1748800039291383,-4.999637603742002e-05,1.1682679963111877,0.00015100002288814807,0.006612007617950555,66.81762920565168,-1.281700243787654,1.1743500232696533,1.174399971961975,1.1753499507904053,1.174399971961975,0,0,0,0
2025-08-07 03:00:00+00:00,1.1744999885559082,1.1748499870300293,1.1744999885559082,1.1748499870300293,17,1.1748800039291383,0.0,1.1684259963035584,0.00015799999237064988,0.006454007625579905,64.52914296005412,-2.288486245597568,1.1748499870300293,1.1743500232696533,1.1748499870300293,1.1753499507904053,0,0,0,0
2025-08-07 04:00:00+00:00,1.1761499643325806,1.1762499809265137,1.1761499643325806,1.1762499809265137,5,1.1749899864196778,0.00010998249053950637,1.1686199951171874,0.00019399881362902605,0.006369991302490385,69.78327247096745,5.25412951091333,1.1744999885559082,1.1748499870300293,1.1748499870300293,1.1748499870300293,0,0,0,0
2025-08-07 05:00:00+00:00,1.1759999990463257,1.176300048828125,1.1759999990463257,1.176300048828125,11,1.175309991836548,0.0003200054168701616,1.168814995288849,0.00019500017166151906,0.006494996547699028,68.78597018461267,-0.9973022863547811,1.1761499643325806,1.1744999885559082,1.1762499809265137,1.1748499870300293,0,0,0,0
2025-08-07 06:00:00+00:00,1.176650047302246,1.176650047302246,1.176550030708313,1.176550030708313,4,1.1756299972534179,0.00032000541686993955,1.1690159964561462,0.00020100116729726558,0.006614000797271702,70.73813729320636,1.9521671085936987,1.1759999990463257,1.1761499643325806,1.176300048828125,1.1762499809265137,0,0,0,0
2025-08-07 07:00:00+00:00,1.1781500577926636,1.1782499551773071,1.1766999959945679,1.1766999959945679,37,1.176290011405945,0.0006600141525270331,1.1692599987983703,0.00024400234222410333,0.007030012607574632,74.6742133098443,3.9360760166379407,1.176550030708313,1.1759999990463257,1.176650047302246,1.176300048828125,0,0,0,0
2025-08-07 08:00:00+00:00,1.17739999294281,1.1790499687194824,1.1769499778747559,1.1780500411987305,171,1.176870012283325,0.0005800008773801935,1.1694809985160828,0.00022099971771250004,0.007389013767242325,69.63050183446599,-5.043711475378316,1.1766999959945679,1.176550030708313,1.1782499551773071,1.176650047302246,1,0,0,0
2025-08-07 09:00:00+00:00,1.1763999462127686,1.17739999294281,1.1763999462127686,1.17739999294281,11,1.1769200086593627,4.9996376037642065e-05,1.1696739983558655,0.00019299983978271484,0.007246010303497252,63.474677143809544,-6.155824690656445,1.1769499778747559,1.1766999959945679,1.1790499687194824,1.1782499551773071,0,0,0,0
2025-08-07 10:00:00+00:00,1.1756000518798828,1.1763499975204468,1.1755499839782715,1.1763499975204468,13,1.1768400192260742,-7.998943328857422e-05,1.16981999874115,0.00014600038528445047,0.007020020484924228,58.98298027004412,-4.49169687376542,1.1763999462127686,1.1769499778747559,1.17739999294281,1.1790499687194824,0,0,0,0
2025-08-07 11:00:00+00:00,1.1737500429153442,1.1755499839782715,1.1727499961853027,1.1755499839782715,12,1.1762600183486938,-0.0005800008773804155,1.1699600005149842,0.00014000177383421963,0.0063000178337095925,50.14481931562662,-8.838160954417503,1.1755499839782715,1.1763999462127686,1.1763499975204468,1.17739999294281,0,0,0,0
2025-08-07 12:00:00+00:00,1.1746000051498413,1.1746000051498413,1.1734999418258667,1.1734999418258667,0,1.1755500078201293,-0.0007100105285644531,1.1701460003852844,0.00018599987030021303,0.005404007434844926,53.58590554433797,3.441086228711349,1.1727499961853027,1.1755499839782715,1.1755499839782715,1.1763499975204468,0,0,0,0
2025-08-07 13:00:00+00:00,1.1739000082015991,1.174649953842163,1.1732499599456787,1.174649953842163,364,1.1748500108718871,-0.0006999969482421875,1.170319001674652,0.00017300128936770243,0.004531009197235036,50.4948048040907,-3.0911007402472706,1.1734999418258667,1.1727499961853027,1.1746000051498413,1.1755499839782715,0,0,0,0
2025-08-07 14:00:00+00:00,1.1716500520706177,1.174149990081787,1.170699954032898,1.174149990081787,0,1.173900032043457,-0.0009499788284301758,1.1704440021514892,0.00012500047683716708,0.0034560298919676935,42.0903796303672,-8.404425173723496,1.1732499599456787,1.1734999418258667,1.174649953842163,1.1746000051498413,0,0,0,0
2025-08-07 15:00:00+00:00,1.1731499433517456,1.173200011253357,1.1705000400543213,1.1714500188827515,657,1.1734100103378295,-0.000490021705627397,1.1706210017204284,0.00017699956893912905,0.0027890086174011675,48.27142899379158,6.181049363424378,1.170699954032898,1.1732499599456787,1.174149990081787,1.174649953842163,0,1,0,0
2025-08-07 16:00:00+00:00,1.173050045967102,1.1731499433517456,1.173050045967102,1.1731499433517456,0,1.173270010948181,-0.0001399993896484819,1.170790002346039,0.00016900062561053808,0.0024800086021421475,47.90468039580452,-0.36674859798706194,1.1705000400543213,1.170699954032898,1.173200011253357,1.174149990081787,0,0,0,0
2025-08-07 17:00:00+00:00,1.1729999780654907,1.1729999780654907,1.1729999780654907,1.1729999780654907,0,1.1729500055313111,-0.00032000541686993955,1.170984001159668,0.00019399881362902605,0.001966004371643182,47.709035331016466,-0.195645064788053,1.173050045967102,1.1705000400543213,1.1731499433517456,1.173200011253357,0,0,0,0
2025-08-07 18:00:00+00:00,1.1719000339508057,1.1719000339508057,1.1719000339508057,1.1719000339508057,686,1.1725500106811524,-0.0003999948501587358,1.171152002811432,0.00016800165176400483,0.0013980078697204412,43.505355901798175,-4.20367942921829,1.1729999780654907,1.173050045967102,1.1729999780654907,1.1731499433517456,0,0,0,0
2025-08-07 19:00:00+00:00,1.174399971961975,1.1748000383377075,1.1712000370025635,1.1714999675750732,45,1.1730999946594238,0.00054998397827144,1.1713630032539368,0.0002110004425048828,0.0017369914054869984,53.52764523212106,10.022289330322884,1.1719000339508057,1.1729999780654907,1.1719000339508057,1.1729999780654907,0,0,0,0
2025-08-07 20:00:00+00:00,1.1759999990463257,1.1759999990463257,1.1751500368118286,1.1751500368118286,7,1.1736700057983398,0.0005700111389159712,1.171624002456665,0.0002609992027282626,0.002046003341674707,58.59098775952999,5.063342527408928,1.1712000370025635,1.1719000339508057,1.1748000383377075,1.1719000339508057,0,0,0,0
2025-08-07 22:00:00+00:00,1.1766999959945679,1.1766999959945679,1.1766999959945679,1.1766999959945679,0,1.174399995803833,0.0007299900054931197,1.171893002986908,0.00026900053024281334,0.0025069928169250133,60.61284610340723,2.0218583438772413,1.1751500368118286,1.1712000370025635,1.1759999990463257,1.1748000383377075,0,0,0,0
2025-08-07 23:00:00+00:00,1.1767499446868896,1.1768499612808228,1.1767499446868896,1.1768499612808228,3,1.1751499891281127,0.0007499933242798296,1.1721700024604798,0.0002769994735718484,0.0029799866676329945,60.760076224088394,0.14723012068116503,1.1766999959945679,1.1751500368118286,1.1766999959945679,1.1759999990463257,0,0,0,0
2025-08-08 00:00:00+00:00,1.1763999462127686,1.1767499446868896,1.1763999462127686,1.1767499446868896,4,1.1760499715805053,0.0008999824523925337,1.1724410009384156,0.00027099847793587983,0.0036089706420896484,59.09318903956861,-1.666887184519787,1.1767499446868896,1.1766999959945679,1.1768499612808228,1.1766999959945679,1,0,0,0
2025-08-08 01:00:00+00:00,1.1748000383377075,1.1750500202178955,1.1747499704360962,1.1750500202178955,11,1.176129984855652,8.00132751466176e-05,1.1726170015335082,0.0001760005950925958,0.00351298332214367,52.06209300554951,-7.0310960340191,1.1763999462127686,1.1767499446868896,1.1767499446868896,1.1768499612808228,0,0,0,0
2025-08-08 02:00:00+00:00,1.1749000549316406,1.1749500036239624,1.1749000549316406,1.1749500036239624,5,1.1759099960327148,-0.00021998882293705613,1.172764003276825,0.00014700174331672144,0.0031459927558898926,52.443037305495196,0.3809442999456891,1.1747499704360962,1.1763999462127686,1.1750500202178955,1.1767499446868896,0,0,0,0
2025-08-08 03:00:00+00:00,1.1747499704360962,1.1749000549316406,1.1747499704360962,1.1749000549316406,10,1.1755199909210206,-0.00039000511169429153,1.172897002696991,0.0001329994201659801,0.002622988224029621,51.77810563162636,-0.6649316738688356,1.1749000549316406,1.1747499704360962,1.1749500036239624,1.1750500202178955,0,0,0,0
2025-08-08 05:00:00+00:00,1.173449993133545,1.1742000579833984,1.1733499765396118,1.1742000579833984,27,1.1748600006103516,-0.0006599903106689897,1.173010003566742,0.00011300086975096768,0.0018499970436096635,46.30198036435234,-5.476125267274021,1.1747499704360962,1.1749000549316406,1.1749000549316406,1.1749500036239624,0,0,0,0
2025-08-08 06:00:00+00:00,1.1739000082015991,1.173949956893921,1.173449993133545,1.173449993133545,11,1.1743600130081178,-0.0004999876022337979,1.1731560039520263,0.00014600038528445047,0.0012040090560914152,48.338868147439086,2.0368877830867476,1.1733499765396118,1.1747499704360962,1.1742000579833984,1.1749000549316406,0,0,0,0
2025-08-08 07:00:00+00:00,1.1747499704360962,1.1748000383377075,1.1747499704360962,1.1748000383377075,6,1.1743499994277955,-1.0013580322265625e-05,1.1733120036125184,0.0001559996604920677,0.0010379958152770818,52.03929362244506,3.7004254750059715,1.173449993133545,1.1733499765396118,1.173949956893921,1.1742000579833984,0,0,0,0
2025-08-08 08:00:00+00:00,1.1727999448776245,1.1753000020980835,1.1727999448776245,1.1753000020980835,15,1.1739299774169922,-0.00042002201080326707,1.1734440016746521,0.00013199806213370913,0.00048597574234010565,44.21442454970533,-7.82486907273973,1.1747499704360962,1.173449993133545,1.1748000383377075,1.173949956893921,0,0,0,0
2025-08-08 09:00:00+00:00,1.173050045967102,1.173449993133545,1.1724499464035034,1.173449993133545,12,1.1735899925231934,-0.0003399848937988281,1.1735810017585755,0.0001370000839233665,8.99076461791104e-06,45.3494361422303,1.1350115925249753,1.1727999448776245,1.1747499704360962,1.1753000020980835,1.1748000383377075,0,1,0,0
2025-08-08 10:00:00+00:00,1.1726499795913696,1.1734999418258667,1.1726000308990479,1.1734999418258667,73,1.1734299898147582,-0.00016000270843519182,1.1736920022964477,0.00011100053787216346,-0.00026201248168944424,43.813792730156386,-1.5356434120739166,1.1724499464035034,1.1727999448776245,1.173449993133545,1.1753000020980835,0,0,0,0
2025-08-08 11:00:00+00:00,1.17330002784729,1.17330002784729,1.17330002784729,1.17330002784729,2,1.1733099937438964,-0.000119996070861772,1.173800003528595,0.00010800123214727009,-0.0004900097846984863,46.9568071678365,3.1430144376801152,1.1726000308990479,1.1724499464035034,1.1734999418258667,1.173449993133545,0,0,0,0
2025-08-08 12:00:00+00:00,1.174299955368042,1.174299955368042,1.1736500263214111,1.1736500263214111,6,1.1732199907302856,-9.000301361083984e-05,1.1739340019226074,0.00013399839401251334,-0.0007140111923218395,51.45529104391556,4.498483876079057,1.17330002784729,1.1726000308990479,1.17330002784729,1.1734999418258667,0,0,0,0
2025-08-08 13:00:00+00:00,1.174149990081787,1.174149990081787,1.174149990081787,1.174149990081787,2,1.1734899997711181,0.00027000904083251953,1.174074001312256,0.0001399993896484819,-0.0005840015411378019,50.76000254060833,-0.6952885033072249,1.1736500263214111,1.17330002784729,1.174299955368042,1.17330002784729,0,0,0,0
2025-08-08 14:00:00+00:00,1.174149990081787,1.1750500202178955,1.174149990081787,1.1747000217437744,15,1.1737099885940552,0.00021998882293705613,1.1742170000076293,0.00014299869537337528,-0.000507011413574121,50.76000254060833,0.0,1.174149990081787,1.1736500263214111,1.174149990081787,1.174299955368042,0,0,0,0
2025-08-08 15:00:00+00:00,1.1751500368118286,1.1757999658584595,1.1751500368118286,1.1755499839782715,205,1.174210000038147,0.0005000114440918413,1.1743600010871886,0.00014300107955933505,-0.00015000104904161482,55.41891512781822,4.658912587209883,1.174149990081787,1.174149990081787,1.1750500202178955,1.174149990081787,0,0,0,0
2025-08-08 16:00:00+00:00,1.1746000051498413,1.1753499507904053,1.1746000051498413,1.1753499507904053,0,1.1744699954986573,0.0002599954605102539,1.1744470000267029,8.699893951424897e-05,2.2995471954390112e-05,52.47791405246378,-2.9410010753544356,1.1751500368118286,1.174149990081787,1.1757999658584595,1.1750500202178955,0,0,0,0
2025-08-08 18:00:00+00:00,1.1746000051498413,1.1751500368118286,1.1746000051498413,1.1751500368118286,0,1.1745300054550172,6.000995635990769e-05,1.1745300006866455,8.300065994260031e-05,4.7683716974944446e-09,52.47791405246378,0.0,1.1746000051498413,1.1751500368118286,1.1753499507904053,1.1757999658584595,0,0,0,0
2025-08-08 19:00:00+00:00,1.1734000444412231,1.174399971961975,1.1734000444412231,1.174399971961975,435,1.1743800163269043,-0.0001499891281129262,1.1745580005645753,2.79998779297852e-05,-0.0001779842376710139,46.26571775821549,-6.212196294248294,1.1746000051498413,1.1746000051498413,1.1751500368118286,1.1753499507904053,0,0,0,0
2025-08-08 20:00:00+00:00,1.1748000383377075,1.1748000383377075,1.173200011253357,1.173449993133545,5,1.1745100259780883,0.00013000965118403762,1.1745940017700196,3.600120544433594e-05,-8.397579193131222e-05,53.22307181104301,6.957354052827526,1.1734000444412231,1.1746000051498413,1.174399971961975,1.1751500368118286,0,0,0,0
2025-08-10 22:00:00+00:00,1.1739000082015991,1.1739000082015991,1.1739000082015991,1.1739000082015991,0,1.1742600202560425,-0.0002500057220458096,1.1746210026741029,2.7000904083251953e-05,-0.0003609824180603738,48.84457923380983,-4.378492577233182,1.173200011253357,1.1734000444412231,1.1748000383377075,1.174399971961975,1,1,0,0
2025-08-11 01:00:00+00:00,1.1745500564575195,1.1745500564575195,1.1739000082015991,1.1739000082015991,30,1.174250030517578,-9.989738464444287e-06,1.1746330046653748,1.2001991271937129e-05,-0.0003829741477967552,51.921050616090156,3.0764713822803245,1.1739000082015991,1.173200011253357,1.1739000082015991,1.1748000383377075,0,0,0,0
2025-08-11 03:00:00+00:00,1.176200032234192,1.176200032234192,1.176200032234192,1.176200032234192,1,1.1745700359344482,0.0003200054168701616,1.174677004814148,4.400014877314895e-05,-0.00010696887969974256,58.70892856742267,6.787877951332511,1.1739000082015991,1.1739000082015991,1.1745500564575195,1.1739000082015991,0,0,0,0
2025-08-11 05:00:00+00:00,1.1761000156402588,1.1761000156402588,1.1761000156402588,1.1761000156402588,3,1.1751100301742554,0.0005399942398072177,1.174709005355835,3.2000541686949546e-05,0.0004010248184205256,58.1727886846682,-0.536139882754469,1.176200032234192,1.1739000082015991,1.176200032234192,1.1745500564575195,0,0,0,0
2025-08-11 06:00:00+00:00,1.1756500005722046,1.1762499809265137,1.1756500005722046,1.1762499809265137,7,1.1752800226211548,0.00016999244689941406,1.1747100043296814,9.989738465332465e-07,0.0005700182914734064,55.70772000881638,-2.4650686758518177,1.1761000156402588,1.176200032234192,1.1761000156402588,1.176200032234192,1,0,0,0
2025-08-11 07:00:00+00:00,1.1742000579833984,1.1754000186920166,1.1742000579833984,1.1754000186920166,7,1.1753400325775147,6.000995635990769e-05,1.174692006111145,-1.7998218536430244e-05,0.0006480264663697444,48.56675850267591,-7.140961506140471,1.1756500005722046,1.1761000156402588,1.1762499809265137,1.1761000156402588,0,0,0,0
2025-08-11 09:00:00+00:00,1.173050045967102,1.1736500263214111,1.173050045967102,1.1736500263214111,27,1.175040030479431,-0.00030000209808367373,1.174663007259369,-2.89988517760964e-05,0.00037702322006216704,43.77391793665102,-4.792840566024893,1.1742000579833984,1.1756500005722046,1.1754000186920166,1.1762499809265137,0,0,0,0
2025-08-11 11:00:00+00:00,1.1719000339508057,1.173449993133545,1.1715999841690063,1.173449993133545,36,1.174180030822754,-0.0008599996566771573,1.1745890069007874,-7.400035858151632e-05,-0.0004089760780334739,39.56868405749694,-4.205233879154079,1.173050045967102,1.1742000579833984,1.1736500263214111,1.1754000186920166,0,0,0,0
2025-08-11 12:00:00+00:00,1.1711499691009521,1.1712000370025635,1.1706500053405762,1.170699954032898,58,1.1731900215148925,-0.000990009307861417,1.174524006843567,-6.500005722043234e-05,-0.0013339853286744585,37.06748112551189,-2.5012029319850484,1.1715999841690063,1.173050045967102,1.173449993133545,1.1736500263214111,0,0,0,0
2025-08-11 13:00:00+00:00,1.1710000038146973,1.1713999509811401,1.1708500385284424,1.1713000535964966,17,1.1722600221633912,-0.0009299993515012872,1.174443006515503,-8.100032806401813e-05,-0.0021829843521117276,36.56974872931258,-0.49773239619931076,1.1706500053405762,1.1715999841690063,1.1712000370025635,1.173449993133545,0,0,0,0
2025-08-11 14:00:00+00:00,1.1685500144958496,1.1698999404907227,1.1682000160217285,1.169600009918213,62,1.1711300134658813,-0.0011300086975098989,1.1743170070648192,-0.00012599945068370033,-0.003186993598937926,29.581333324138313,-6.9884154051742655,1.1708500385284424,1.1706500053405762,1.1713999509811401,1.1712000370025635,0,1,0,0
2025-08-11 15:00:00+00:00,1.169700026512146,1.1697499752044678,1.1682000160217285,1.1682000160217285,69,1.17046000957489,-0.0006700038909912553,1.1742210078239441,-9.599924087511091e-05,-0.0037609982490540705,35.78457847119519,6.203245147056876,1.1682000160217285,1.1708500385284424,1.1698999404907227,1.1713999509811401,0,1,0,0
2025-08-11 16:00:00+00:00,1.1698499917984009,1.170300006866455,1.169700026512146,1.1697499752044678,226,1.1700500011444093,-0.0004100084304807794,1.1740950083732604,-0.00012599945068370033,-0.00404500722885115,36.56927881313013,0.7847003419349434,1.1682000160217285,1.1682000160217285,1.1697499752044678,1.1698999404907227,0,0,0,0
2025-08-11 17:00:00+00:00,1.170199990272522,1.170199990272522,1.1694999933242798,1.1694999933242798,6,1.1698600053787231,-0.00018999576568612397,1.1739790081977843,-0.0001160001754760831,-0.0041190028190611905,38.45938595407116,1.8901071409410264,1.169700026512146,1.1682000160217285,1.170300006866455,1.1697499752044678,0,0,0,0
2025-08-11 19:00:00+00:00,1.1694999933242798,1.1695499420166016,1.1694999933242798,1.1695499420166016,8,1.1695600032806397,-0.0003000020980834517,1.173836007118225,-0.00014300107955933505,-0.004276003837585307,36.13991680103379,-2.3194691530373674,1.1694999933242798,1.169700026512146,1.170199990272522,1.170300006866455,0,0,0,0
2025-08-11 20:00:00+00:00,1.1710000038146973,1.1710000038146973,1.170699954032898,1.170699954032898,103,1.1700500011444093,0.0004899978637695757,1.1736930060386657,-0.00014300107955933505,-0.0036430048942563964,43.94193865910847,7.802021858074681,1.1694999933242798,1.1694999933242798,1.1695499420166016,1.170199990272522,0,0,0,0
2025-08-11 23:00:00+00:00,1.1706000566482544,1.1706000566482544,1.1706000566482544,1.1706000566482544,0,1.170230007171631,0.0001800060272216797,1.1735570073127746,-0.00013599872589109552,-0.003327000141143621,42.452661208670115,-1.4892774504383581,1.170699954032898,1.1694999933242798,1.1710000038146973,1.1695499420166016,0,0,0,0
2025-08-12 00:00:00+00:00,1.170799970626831,1.170799970626831,1.1706000566482544,1.1706000566482544,4,1.1704200029373169,0.00018999576568590193,1.1734450078010559,-0.00011199951171869671,-0.0030250048637390226,43.483747420133575,1.0310862114634602,1.1706000566482544,1.170699954032898,1.1706000566482544,1.1710000038146973,0,0,0,0
2025-08-12 01:00:00+00:00,1.1715500354766846,1.1715999841690063,1.1708500385284424,1.1709500551223755,16,1.1706900119781494,0.00027000904083251953,1.1733640074729919,-8.100032806401813e-05,-0.002673995494842485,47.29904612225027,3.815298702116692,1.1706000566482544,1.1706000566482544,1.170799970626831,1.1706000566482544,0,0,0,0
2025-08-12 02:00:00+00:00,1.1712499856948853,1.1712499856948853,1.1712499856948853,1.1712499856948853,2,1.1710400104522705,0.00034999847412109375,1.1733140063285827,-5.0001144409117515e-05,-0.0022739958763122736,45.96233830634627,-1.3367078159039991,1.1708500385284424,1.1706000566482544,1.1715999841690063,1.170799970626831,0,0,0,0
2025-08-12 03:00:00+00:00,1.1712000370025635,1.1712000370025635,1.1712000370025635,1.1712000370025635,1,1.1710800170898437,4.000663757319778e-05,1.1732460069656372,-6.799936294554776e-05,-0.002165989875793528,45.730648484432095,-0.23168982191417342,1.1712499856948853,1.1708500385284424,1.1712499856948853,1.1715999841690063,0,0,0,0
2025-08-12 04:00:00+00:00,1.1715999841690063,1.1715999841690063,1.1715999841690063,1.1715999841690063,5,1.1712800025939942,0.00019998550415056826,1.1732000064849855,-4.6000480651731124e-05,-0.0019200038909912287,47.99135190060034,2.2607034161682478,1.1712000370025635,1.1712499856948853,1.1712000370025635,1.1712499856948853,0,0,0,0
2025-08-12 06:00:00+00:00,1.170300006866455,1.1706500053405762,1.170300006866455,1.1706500053405762,8,1.171180009841919,-9.999275207528413e-05,1.1731730055809022,-2.7000904083251953e-05,-0.001992995738983261,41.883975529849984,-6.107376370750359,1.1715999841690063,1.1712000370025635,1.1715999841690063,1.1712000370025635,0,0,0,0
2025-08-12 07:00:00+00:00,1.1712000370025635,1.1712000370025635,1.169800043106079,1.169800043106079,11,1.1711100101470948,-6.999969482412993e-05,1.1731340074539185,-3.899812698371363e-05,-0.002023997306823677,46.92043158071922,5.0364560508692335,1.170300006866455,1.1715999841690063,1.1706500053405762,1.1715999841690063,0,0,0,0
2025-08-12 08:00:00+00:00,1.1703499555587769,1.171049952507019,1.1703499555587769,1.171049952507019,26,1.1709300041198731,-0.0001800060272216797,1.173080005645752,-5.4001808166503906e-05,-0.002150001525878853,43.11949209391999,-3.80093948679923,1.169800043106079,1.170300006866455,1.1712000370025635,1.1706500053405762,0,0,0,0
2025-08-12 09:00:00+00:00,1.169700026512146,1.1708999872207642,1.169700026512146,1.1708999872207642,8,1.1706300020217895,-0.00030000209808367373,1.173014006614685,-6.599903106696559e-05,-0.002384004592895561,40.423300086076395,-2.6961920078435924,1.1703499555587769,1.169800043106079,1.171049952507019,1.1712000370025635,0,0,0,0
2025-08-12 10:00:00+00:00,1.1699999570846558,1.1699999570846558,1.1699999570846558,1.1699999570846558,1,1.1703099966049195,-0.00032000541686993955,1.172976005077362,-3.800153732291811e-05,-0.0026660084724425825,42.218871461099646,1.7955713750232505,1.169700026512146,1.1703499555587769,1.1708999872207642,1.171049952507019,0,0,0,0
2025-08-12 11:00:00+00:00,1.1694999933242798,1.169950008392334,1.1694999933242798,1.169950008392334,26,1.1701499938964843,-0.00016000270843519182,1.1728780055046082,-9.799957275391513e-05,-0.0027280116081238592,40.05190646395337,-2.166964997146273,1.1699999570846558,1.169700026512146,1.1699999570846558,1.1708999872207642,0,1,0,0
2025-08-12 12:00:00+00:00,1.172950029373169,1.1744999885559082,1.1696499586105347,1.1696499586105347,2763,1.1704999923706054,0.00034999847412109375,1.172817006111145,-6.099939346326799e-05,-0.0023170137405394975,56.604326529880204,16.55242006592683,1.1694999933242798,1.1699999570846558,1.169950008392334,1.1699999570846558,0,0,0,0
2025-08-12 13:00:00+00:00,1.1735999584197998,1.1756500005722046,1.1709500551223755,1.1718499660491943,284,1.17114999294281,0.0006500005722045454,1.1727550053596496,-6.200075149531692e-05,-0.0016050124168396351,58.90624003119475,2.3019135013145444,1.1696499586105347,1.1694999933242798,1.1744999885559082,1.169950008392334,0,0,0,0
2025-08-12 14:00:00+00:00,1.1749000549316406,1.1749999523162842,1.173550009727478,1.174399971961975,26,1.172189998626709,0.001040005683899059,1.1727180075645447,-3.6997795104909414e-05,-0.0005280089378356667,63.120505213206876,4.214265182012127,1.1709500551223755,1.1696499586105347,1.1756500005722046,1.1744999885559082,0,0,0,0
2025-08-12 15:00:00+00:00,1.1763999462127686,1.1782000064849854,1.1754499673843384,1.1754499673843384,177,1.1734699964523316,0.001279997825622603,1.1727180075645447,0.0,0.0007519888877869363,67.28839907072197,4.1678938575150895,1.173550009727478,1.1709500551223755,1.1749999523162842,1.1756500005722046,1,0,0,0
2025-08-12 16:00:00+00:00,1.1756999492645264,1.1759999990463257,1.1756999492645264,1.1759999990463257,0,1.1747099876403808,0.0012399911880491832,1.1727360057830811,1.7998218536430244e-05,0.0019739818572996892,63.67180395600154,-3.6165951147204254,1.1754499673843384,1.173550009727478,1.1782000064849854,1.1749999523162842,0,0,0,0
2025-08-12 17:00:00+00:00,1.176800012588501,1.176800012588501,1.1763999462127686,1.1763999462127686,3384,1.1754799842834474,0.0007699966430665395,1.1727740049362183,3.7999153137180386e-05,0.0027059793472290483,66.70080646792493,3.0290025119233945,1.1756999492645264,1.1754499673843384,1.1759999990463257,1.1782000064849854,0,0,0,0
2025-08-12 18:00:00+00:00,1.1757500171661377,1.1758500337600708,1.1757500171661377,1.1758500337600708,9,1.1759099960327148,0.0004300117492674893,1.172794005870819,2.0000934600750142e-05,0.0031159901618957875,61.4354335889295,-5.265372878995436,1.1763999462127686,1.1756999492645264,1.176800012588501,1.1759999990463257,0,0,0,0
2025-08-12 20:00:00+00:00,1.1762499809265137,1.1762499809265137,1.1762499809265137,1.1762499809265137,4,1.1761799812316895,0.0002699851989746982,1.1728500056266784,5.5999755859348355e-05,0.0033299756050111373,62.93577061032502,1.5003370213955236,1.1757500171661377,1.1763999462127686,1.1758500337600708,1.176800012588501,0,0,0,0
2025-08-13 00:00:00+00:00,1.1762499809265137,1.1762499809265137,1.1762499809265137,1.1762499809265137,0,1.1761499881744384,-2.9993057251154198e-05,1.1728970050811767,4.699945449826437e-05,0.0032529830932617188,62.935770610325015,-7.105427357601002e-15,1.1762499809265137,1.1757500171661377,1.1762499809265137,1.1758500337600708,0,0,0,0
2025-08-13 01:00:00+00:00,1.1773500442504883,1.1773500442504883,1.1773500442504883,1.1773500442504883,2,1.1764800071716308,0.0003300189971924272,1.1729490065574646,5.200147628792173e-05,0.0035310006141662242,66.28308658433303,3.347315974008019,1.1762499809265137,1.1762499809265137,1.1762499809265137,1.1762499809265137,0,0,0,0
2025-08-13 02:00:00+00:00,1.177049994468689,1.1772500276565552,1.1759999990463257,1.176550030708313,18,1.1765300035476685,4.9996376037642065e-05,1.173034007549286,8.500099182140453e-05,0.0034959959983824618,64.57017859229465,-1.7129079920383816,1.1773500442504883,1.1762499809265137,1.1773500442504883,1.1762499809265137,0,1,0,0
2025-08-13 03:00:00+00:00,1.1773500442504883,1.1774499416351318,1.176900029182434,1.176900029182434,3,1.1768500089645386,0.0003200054168701616,1.1731200075149537,8.599996566771573e-05,0.0037300014495849076,65.52949880098012,0.9593202086854689,1.1759999990463257,1.1773500442504883,1.1772500276565552,1.1773500442504883,0,0,0,0
2025-08-13 05:00:00+00:00,1.176800012588501,1.177299976348877,1.176800012588501,1.177299976348877,9,1.176960015296936,0.00011000633239732771,1.1732030081748963,8.300065994260031e-05,0.003757007122039635,62.204470939363596,-3.325027861616526,1.176900029182434,1.1759999990463257,1.1774499416351318,1.1772500276565552,0,0,0,0
2025-08-13 06:00:00+00:00,1.1779999732971191,1.1779999732971191,1.1779999732971191,1.1779999732971191,24,1.177310013771057,0.00034999847412109375,1.1732970070838928,9.399890899652874e-05,0.0040130066871642,66.23025306966517,4.025782130301572,1.176800012588501,1.176900029182434,1.177299976348877,1.1774499416351318,0,0,0,0
2025-08-13 07:00:00+00:00,1.1796499490737915,1.1799999475479126,1.1783000230789185,1.1783000230789185,58,1.1777699947357179,0.00045998096466082217,1.1734040069580078,0.00010699987411499912,0.004365987777710023,70.8309840804158,4.600731010750636,1.1779999732971191,1.176800012588501,1.1779999732971191,1.177299976348877,0,0,0,0
2025-08-13 08:00:00+00:00,1.180400013923645,1.180799961090088,1.1797000169754028,1.1797000169754028,32,1.178439998626709,0.0006700038909910333,1.173529007434845,0.00012500047683716708,0.004910991191863889,72.65481994756237,1.8238358671465704,1.1783000230789185,1.1779999732971191,1.1799999475479126,1.1779999732971191,0,0,0,0
2025-08-13 09:00:00+00:00,1.18149995803833,1.18149995803833,1.1807500123977661,1.1807500123977661,5,1.1792699813842773,0.0008299827575684038,1.1736760067939758,0.00014699935913076168,0.0055939745903015314,75.11237841802242,2.457558470460043,1.1797000169754028,1.1783000230789185,1.180799961090088,1.1799999475479126,1,0,1,0
2025-08-13 10:00:00+00:00,1.1808500289916992,1.18149995803833,1.180799961090088,1.18149995803833,14,1.180079984664917,0.0008100032806397373,1.1737900066375733,0.00011399984359750093,0.006289978027343768,71.04923202509259,-4.0631463929298235,1.1807500123977661,1.1797000169754028,1.18149995803833,1.180799961090088,1,0,0,0
2025-08-13 11:00:00+00:00,1.1807500123977661,1.1807500123977661,1.179900050163269,1.1805000305175781,27,1.1806299924850463,0.0005500078201292613,1.1739130067825316,0.00012300014495836287,0.006716985702514666,70.41794754045584,-0.6312844846367511,1.180799961090088,1.1807500123977661,1.18149995803833,1.18149995803833,0,0,0,0
2025-08-13 12:00:00+00:00,1.1790000200271606,1.180999994277954,1.1789499521255493,1.1808500289916992,48,1.1805000066757203,-0.00012998580932599424,1.1740010070800782,8.800029754651995e-05,0.006498999595642152,60.319148942228416,-10.098798598227425,1.179900050163269,1.180799961090088,1.1807500123977661,1.18149995803833,0,0,0,0
2025-08-13 13:00:00+00:00,1.1791000366210938,1.1792000532150269,1.1782000064849854,1.1786500215530396,51,1.18024001121521,-0.0002599954605102539,1.1741150069236754,0.00011399984359727888,0.006125004291534619,60.66634219152955,0.34719324930113515,1.1789499521255493,1.179900050163269,1.180999994277954,1.1807500123977661,0,0,0,0
2025-08-13 14:00:00+00:00,1.1808500289916992,1.1808500289916992,1.1793999671936035,1.1793999671936035,25,1.1801100254058838,-0.00012998580932621628,1.1742360067367554,0.00012099981308000274,0.0058740186691284,66.23340742183751,5.567065230307961,1.1782000064849854,1.1789499521255493,1.1792000532150269,1.180999994277954,0,0,0,0
2025-08-13 15:00:00+00:00,1.181149959564209,1.181149959564209,1.1799999475479126,1.180799961090088,0,1.1801700115203857,5.998611450186431e-05,1.1743810057640076,0.0001449990272521795,0.005789005756378085,67.09305183778883,0.8596444159513226,1.1793999671936035,1.1782000064849854,1.1808500289916992,1.1792000532150269,0,0,0,0
2025-08-13 16:00:00+00:00,1.180050015449524,1.180299997329712,1.1799999475479126,1.180150032043457,362,1.1800300121307372,-0.0001399993896484819,1.1744910049438477,0.00010999917984011454,0.0055390071868894886,60.96340578902944,-6.129646048759398,1.1799999475479126,1.1793999671936035,1.181149959564209,1.1808500289916992,0,0,0,0
2025-08-13 17:00:00+00:00,1.1793500185012817,1.179800033569336,1.1793500185012817,1.1796000003814697,30,1.1801000118255616,6.999969482435198e-05,1.1745540046691894,6.299972534162812e-05,0.005546007156372212,57.37119388597388,-3.5922119030555564,1.1799999475479126,1.1799999475479126,1.180299997329712,1.181149959564209,0,0,0,0
2025-08-13 18:00:00+00:00,1.1786500215530396,1.1789000034332275,1.1784000396728516,1.1789000034332275,9,1.1800100088119507,-9.000301361083984e-05,1.174605004787445,5.100011825565076e-05,0.005405004024505722,53.94784241516882,-3.423351470805059,1.1793500185012817,1.1799999475479126,1.179800033569336,1.180299997329712,0,0,0,0
2025-08-13 19:00:00+00:00,1.1786999702453613,1.1792000532150269,1.1785999536514282,1.1786500215530396,75,1.179579997062683,-0.00043001174926771135,1.1746660041809083,6.099939346326799e-05,0.0049139928817747425,54.1580427548321,0.210200339663281,1.1784000396728516,1.1793500185012817,1.1789000034332275,1.179800033569336,0,0,0,0
2025-08-13 20:00:00+00:00,1.1793999671936035,1.1793999671936035,1.1793999671936035,1.1793999671936035,0,1.179229998588562,-0.00034999847412109375,1.1747700023651122,0.00010399818420392393,0.004459996223449725,57.11245646870198,2.954413713869876,1.1785999536514282,1.1784000396728516,1.1792000532150269,1.1789000034332275,0,0,0,0
2025-08-13 22:00:00+00:00,1.1796000003814697,1.1796000003814697,1.1796000003814697,1.1796000003814697,5,1.179139995574951,-9.000301361083984e-05,1.1749010014533996,0.00013099908828739792,0.004238994121551487,57.94652293686779,0.8340664681658083,1.1793999671936035,1.1785999536514282,1.1793999671936035,1.1792000532150269,0,0,0,0
2025-08-13 23:00:00+00:00,1.1794999837875366,1.1794999837875366,1.1794999837875366,1.1794999837875366,1,1.1791699886322022,2.9993057251154198e-05,1.1750530004501343,0.0001519989967346813,0.00411698818206796,57.346003136392504,-0.6005198004752828,1.1796000003814697,1.1793999671936035,1.1796000003814697,1.1793999671936035,0,0,0,0
2025-08-14 00:00:00+00:00,1.179800033569336,1.1799499988555908,1.1797499656677246,1.1799499988555908,4,1.1793999910354613,0.0002300024032590997,1.175226001739502,0.00017300128936770243,0.004173989295959357,58.72785943473096,1.3818562983384552,1.1794999837875366,1.1796000003814697,1.1794999837875366,1.1796000003814697,0,0,0,0
2025-08-14 01:00:00+00:00,1.180150032043457,1.180150032043457,1.1799999475479126,1.1799999475479126,10,1.1796900033950806,0.00029001235961922944,1.175409002304077,0.0001830005645750976,0.004281001091003489,60.34182188962703,1.6139624548960683,1.1797499656677246,1.1794999837875366,1.1799499988555908,1.1794999837875366,1,0,0,0
2025-08-14 02:00:00+00:00,1.1788500547409058,1.1790000200271606,1.1785999536514282,1.1790000200271606,14,1.179580020904541,-0.00010998249053950637,1.1756150031089783,0.00020600080490118522,0.003965017795562797,52.17987490865779,-8.16194698096924,1.1799999475479126,1.1797499656677246,1.180150032043457,1.1799499988555908,0,0,0,0
2025-08-14 03:00:00+00:00,1.1790000200271606,1.1790000200271606,1.1790000200271606,1.1790000200271606,1,1.1794600248336793,-0.000119996070861772,1.1758010029792785,0.00018599987030021303,0.0036590218544008124,52.970168442468534,0.7902935338107469,1.1785999536514282,1.1799999475479126,1.1790000200271606,1.180150032043457,0,0,0,0
2025-08-14 05:00:00+00:00,1.1790000200271606,1.1790000200271606,1.1790000200271606,1.1790000200271606,2,1.179360032081604,-9.999275207528413e-05,1.1759840035438538,0.00018300056457531966,0.0033760285377502086,52.970168442468534,0.0,1.1790000200271606,1.1785999536514282,1.1790000200271606,1.1790000200271606,0,0,0,0
2025-08-14 06:00:00+00:00,1.1773500442504883,1.1791499853134155,1.1773500442504883,1.1789000034332275,29,1.1788700342178344,-0.0004899978637695757,1.1761270046234131,0.00014300107955933505,0.002743029594421298,43.74520995923472,-9.224958483233813,1.1790000200271606,1.1790000200271606,1.1790000200271606,1.1790000200271606,0,0,0,0
2025-08-14 07:00:00+00:00,1.1766999959945679,1.1773500442504883,1.1766999959945679,1.1773500442504883,12,1.1781800270080567,-0.0006900072097777432,1.1762710046768188,0.00014400005340564626,0.0019090223312379084,40.73527938778377,-3.009930571450951,1.1773500442504883,1.1790000200271606,1.1791499853134155,1.1790000200271606,0,0,0,0
2025-08-14 08:00:00+00:00,1.1755499839782715,1.1770000457763672,1.1755499839782715,1.1770000457763672,14,1.1775200128555299,-0.0006600141525268111,1.1763620042800904,9.099960327163537e-05,0.001158008575439462,36.01420090745914,-4.721078480324628,1.1766999959945679,1.1773500442504883,1.1773500442504883,1.1791499853134155,0,0,0,0
2025-08-14 09:00:00+00:00,1.177150011062622,1.177150011062622,1.1761499643325806,1.1761499643325806,55,1.177150011062622,-0.00037000179290780366,1.1764930033683776,0.00013099908828717588,0.0006570076942444825,45.48146212111974,9.4672612136606,1.1755499839782715,1.1766999959945679,1.1770000457763672,1.1773500442504883,0,0,0,0
2025-08-14 10:00:00+00:00,1.1779999732971191,1.1779999732971191,1.1771999597549438,1.1771999597549438,45,1.1769500017166137,-0.0002000093460083896,1.1766370034217835,0.0001440000534058683,0.00031299829483022457,49.73602161177898,4.25455949065924,1.1761499643325806,1.1755499839782715,1.177150011062622,1.1770000457763672,0,0,0,0
2025-08-14 12:00:00+00:00,1.1748000383377075,1.176900029182434,1.1739000082015991,1.1749999523162842,0,1.1764400005340576,-0.0005100011825560635,1.1767020034790039,6.500005722043234e-05,-0.0002620029449462713,37.78184291563341,-11.954178696145568,1.1771999597549438,1.1761499643325806,1.1779999732971191,1.177150011062622,0,0,0,0
2025-08-14 13:00:00+00:00,1.1738500595092773,1.1749999523162842,1.1738500595092773,1.1748000383377075,1762,1.1758700132369995,-0.0005699872970581499,1.1767540049552918,5.200147628792173e-05,-0.0008839917182923429,35.08573807459118,-2.696104841042235,1.1739000082015991,1.1771999597549438,1.176900029182434,1.1779999732971191,0,0,0,0
2025-08-14 14:00:00+00:00,1.1749000549316406,1.1749000549316406,1.1728999614715576,1.1735999584197998,70,1.1757400274276733,-0.00012998580932621628,1.1768280053138733,7.400035858151632e-05,-0.0010879778862000755,40.16787355877826,5.082135484187084,1.1738500595092773,1.1739000082015991,1.1749999523162842,1.176900029182434,0,0,0,0
2025-08-14 15:00:00+00:00,1.1728500127792358,1.1742500066757202,1.1725000143051147,1.1741000413894653,136,1.174880027770996,-0.0008599996566771573,1.1768530058860778,2.5000572204447735e-05,-0.0019729781150816805,34.490295666104515,-5.677577892673746,1.1728999614715576,1.1738500595092773,1.1749000549316406,1.1749999523162842,0,0,0,0
2025-08-14 16:00:00+00:00,1.1719000339508057,1.1730999946594238,1.1719000339508057,1.1727999448776245,50,1.1736600399017334,-0.0012199878692626953,1.176885006427765,3.200054168717159e-05,-0.0032249665260315474,32.217736963720014,-2.272558702384501,1.1725000143051147,1.1728999614715576,1.1742500066757202,1.1749000549316406,0,1,0,0
2025-08-14 17:00:00+00:00,1.1722999811172485,1.1729999780654907,1.1721999645233154,1.1721999645233154,0,1.1731600284576416,-0.0005000114440918413,1.1769070053100585,2.199888229359459e-05,-0.0037469768524169833,34.18391842348444,1.966181459764428,1.1719000339508057,1.1725000143051147,1.1730999946594238,1.1742500066757202,0,0,0,0
2025-08-14 18:00:00+00:00,1.1727499961853027,1.1727499961853027,1.1727499961853027,1.1727499961853027,2050,1.1729400157928467,-0.00022001266479487747,1.176955006122589,4.800081253053534e-05,-0.004014990329742396,36.41875452272112,2.2348360992366807,1.1721999645233154,1.1719000339508057,1.1729999780654907,1.1730999946594238,0,0,0,0
2025-08-14 19:00:00+00:00,1.1732499599456787,1.17330002784729,1.173050045967102,1.173050045967102,0,1.1726099967956543,-0.0003300189971924272,1.1770260047912597,7.099866867066318e-05,-0.0044160079956054865,38.90099551278219,2.482240990061065,1.1727499961853027,1.1721999645233154,1.1727499961853027,1.1729999780654907,0,0,0,0
2025-08-14 20:00:00+00:00,1.1733499765396118,1.1733499765396118,1.1733499765396118,1.1733499765396118,2069,1.1727099895477295,9.999275207528413e-05,1.177093005180359,6.700038909923656e-05,-0.004383015632629439,39.4105959721339,0.5096004593517094,1.173050045967102,1.1727499961853027,1.17330002784729,1.1727499961853027,0,0,0,0
2025-08-15 00:00:00+00:00,1.1734999418258667,1.1734999418258667,1.1734999418258667,1.1734999418258667,0,1.1730299711227417,0.0003199815750121182,1.1771730041503907,7.999897003174716e-05,-0.004143033027649068,40.21576254134702,0.8051665692131209,1.1733499765396118,1.173050045967102,1.1733499765396118,1.17330002784729,0,1,0,0
2025-08-15 01:00:00+00:00,1.1737500429153442,1.1737500429153442,1.1737500429153442,1.1737500429153442,3,1.1733199834823609,0.00029001235961922944,1.177189004421234,1.600027084336375e-05,-0.003869020938873202,41.60937400847491,1.39361146712789,1.1734999418258667,1.1733499765396118,1.1734999418258667,1.1733499765396118,0,0,0,0
2025-08-15 02:00:00+00:00,1.1739000082015991,1.1739000082015991,1.1736500263214111,1.1736500263214111,4,1.1735499858856202,0.00023000240325932175,1.17719500541687,6.0009956359685646e-06,-0.003645019531249849,42.47527730175256,0.865903293277654,1.1737500429153442,1.1734999418258667,1.1737500429153442,1.1734999418258667,0,0,0,0
2025-08-15 03:00:00+00:00,1.174649953842163,1.1748000383377075,1.174649953842163,1.1748000383377075,3,1.173829984664917,0.0002799987792967418,1.1771900033950806,-5.002021789435318e-06,-0.003360018730163672,46.72965004389955,4.254372742146984,1.1736500263214111,1.1737500429153442,1.1739000082015991,1.1737500429153442,0,0,0,0
2025-08-15 05:00:00+00:00,1.1749000549316406,1.1749000549316406,1.1749000549316406,1.1749000549316406,4,1.1741400003433227,0.0003100156784057173,1.177160005569458,-2.9997825622629648e-05,-0.003020005226135325,48.10797649863777,1.3783264547382217,1.174649953842163,1.1736500263214111,1.1748000383377075,1.1739000082015991,0,0,0,0
2025-08-15 06:00:00+00:00,1.1758500337600708,1.1759999990463257,1.1755499839782715,1.1759999990463257,43,1.1746100187301636,0.00047001838684090913,1.1771630072593688,3.0016899108531447e-06,-0.002552988529205269,53.07456186445,4.966585365812229,1.1749000549316406,1.174649953842163,1.1749000549316406,1.1748000383377075,0,0,0,0
2025-08-15 07:00:00+00:00,1.1770000457763672,1.1770000457763672,1.1763499975204468,1.1764500141143799,13,1.1752600193023681,0.0006500005722045454,1.1771670079231262,4.000663757386391e-06,-0.00190698862075811,58.28018589059204,5.20562402614204,1.1755499839782715,1.1749000549316406,1.1759999990463257,1.1749000549316406,0,0,0,0
2025-08-15 08:00:00+00:00,1.1770000457763672,1.1770000457763672,1.1770000457763672,1.1770000457763672,12,1.1758800268173217,0.0006200075149536133,1.177192008495331,2.500057220466978e-05,-0.0013119816780091664,58.28018589059203,-7.105427357601002e-15,1.1763499975204468,1.1755499839782715,1.1770000457763672,1.1759999990463257,0,0,0,0
2025-08-15 09:00:00+00:00,1.1770000457763672,1.1770000457763672,1.1769499778747559,1.1770000457763672,53,1.1763500452041626,0.00047001838684090913,1.177207009792328,1.5001296997052549e-05,-0.0008569645881653098,58.28018589059203,0.0,1.1770000457763672,1.1763499975204468,1.1770000457763672,1.1770000457763672,0,0,0,0
2025-08-15 10:00:00+00:00,1.1773500442504883,1.1773500442504883,1.1773500442504883,1.1773500442504883,71,1.1768400430679322,0.0004899978637695757,1.1772290110588073,2.2001266479332315e-05,-0.0003889679908750665,59.96824225851862,1.6880563679265919,1.1769499778747559,1.1770000457763672,1.1770000457763672,1.1770000457763672,0,0,0,0
2025-08-15 11:00:00+00:00,1.177150011062622,1.177150011062622,1.177150011062622,1.177150011062622,1,1.1771000385284425,0.0002599954605102539,1.1772250103950501,-4.000663757164347e-06,-0.00012497186660764825,58.511095161332385,-1.4571470971862368,1.1773500442504883,1.1769499778747559,1.1773500442504883,1.1770000457763672,0,0,0,0
2025-08-15 12:00:00+00:00,1.1774499416351318,1.1784499883651733,1.1761499643325806,1.1774499416351318,147,1.1771900177001953,8.997917175279646e-05,1.177233009338379,7.998943328813013e-06,-4.2991638183664804e-05,60.07749706160872,1.5664019002763325,1.177150011062622,1.1773500442504883,1.177150011062622,1.1773500442504883,0,0,0,0
2025-08-15 13:00:00+00:00,1.1789000034332275,1.1789000034332275,1.1771999597549438,1.1784499883651733,20,1.1775700092315673,0.0003799915313720259,1.1772640085220336,3.0999183654678575e-05,0.0003060007095336825,66.63593794878112,6.558440887172402,1.1761499643325806,1.177150011062622,1.1784499883651733,1.177150011062622,0,0,0,0
2025-08-15 14:00:00+00:00,1.179800033569336,1.180050015449524,1.1793500185012817,1.1793500185012817,59,1.1781300067901612,0.0005599975585939276,1.1773240089416503,6.0000419616734746e-05,0.0008059978485108754,69.93711437447341,3.30117642569229,1.1771999597549438,1.1761499643325806,1.1789000034332275,1.1784499883651733,1,0,0,0
2025-08-15 15:00:00+00:00,1.1792000532150269,1.180050015449524,1.1791000366210938,1.1797499656677246,237,1.1785000085830688,0.0003700017929075816,1.1773480105400085,2.4001598358136533e-05,0.0011519980430603205,65.29880502109009,-4.63830935338332,1.1793500185012817,1.1771999597549438,1.180050015449524,1.1789000034332275,1,0,0,0
2025-08-15 16:00:00+00:00,1.1790000200271606,1.1792500019073486,1.1788500547409058,1.1790000200271606,0,1.1788700103759766,0.00037000179290780366,1.177335011959076,-1.2998580932510606e-05,0.0015349984169006348,63.78005396385451,-1.5187510572355762,1.1791000366210938,1.1793500185012817,1.180050015449524,1.180050015449524,0,0,0,0
2025-08-15 17:00:00+00:00,1.1787999868392944,1.1790499687194824,1.1785999536514282,1.1785999536514282,882,1.1791400194168091,0.00027000904083251953,1.177303011417389,-3.2000541686949546e-05,0.0018370079994201038,62.22155365013002,-1.558500313724494,1.1788500547409058,1.1791000366210938,1.1792500019073486,1.180050015449524,0,0,0,0
2025-08-15 18:00:00+00:00,1.1790000200271606,1.1791000366210938,1.1786999702453613,1.1789499521255493,52,1.1791600227355956,2.0003318786487867e-05,1.1772530126571654,-4.9998760223601835e-05,0.0019070100784301935,63.19021066302911,0.9686570128990937,1.1785999536514282,1.1788500547409058,1.1790499687194824,1.1792500019073486,0,0,0,0
2025-08-15 19:00:00+00:00,1.1789499521255493,1.1790000200271606,1.1787500381469727,1.1787999868392944,6,1.1789900064468384,-0.0001700162887572354,1.1772150111198425,-3.800153732291811e-05,0.0017749953269958763,62.756473651325045,-0.43373701170406775,1.1786999702453613,1.1785999536514282,1.1791000366210938,1.1790499687194824,0,0,0,0
2025-08-15 20:00:00+00:00,1.1791000366210938,1.1792999505996704,1.1788500547409058,1.1792999505996704,14,1.1789700031280517,-2.000331878670991e-05,1.177182011604309,-3.299951553348279e-05,0.0017879915237426491,63.563839562545844,0.8073659112207991,1.1787500381469727,1.1786999702453613,1.1790000200271606,1.1791000366210938,0,0,0,0
2025-08-17 22:00:00+00:00,1.1799999475479126,1.1799999475479126,1.1798499822616577,1.1798499822616577,1,1.1791699886322022,0.00019998550415056826,1.177202010154724,1.9998550415012417e-05,0.001967978477478205,68.03791312115658,4.474073558610733,1.1788500547409058,1.1787500381469727,1.1792999505996704,1.1790000200271606,1,0,0,0
2025-08-17 23:00:00+00:00,1.1792500019073486,1.1794999837875366,1.1792500019073486,1.1794999837875366,3,1.179259991645813,9.000301361083984e-05,1.1772050094604491,2.99930572511542e-06,0.0020549821853639294,61.28432088657256,-6.753592234584019,1.1798499822616577,1.1788500547409058,1.1799999475479126,1.1792999505996704,0,1,0,0
2025-08-18 01:00:00+00:00,1.1785500049591064,1.1786999702453613,1.1785500049591064,1.1786999702453613,3,1.1791699886322022,-9.000301361083984e-05,1.1771590089797974,-4.6000480651731124e-05,0.0020109796524048207,55.724263973405584,-5.560056913166974,1.1792500019073486,1.1798499822616577,1.1794999837875366,1.1799999475479126,0,0,0,0
2025-08-18 02:00:00+00:00,1.1785000562667847,1.1785000562667847,1.1785000562667847,1.1785000562667847,1,1.1790800094604492,-8.99791717530185e-05,1.177106010913849,-5.299806594849521e-05,0.0019739985466002974,55.33845744905291,-0.3858065243526738,1.1785500049591064,1.1792500019073486,1.1786999702453613,1.1794999837875366,0,0,0,0
2025-08-18 03:00:00+00:00,1.1790000200271606,1.1790000200271606,1.1790000200271606,1.1790000200271606,1,1.1790600061416625,-2.000331878670991e-05,1.1770850110054016,-2.099990844728339e-05,0.001974995136260871,58.44014692781731,3.101689478764399,1.1785000562667847,1.1785500049591064,1.1785000562667847,1.1786999702453613,0,0,0,0
2025-08-18 04:00:00+00:00,1.1792000532150269,1.1792000532150269,1.1791499853134155,1.1791499853134155,11,1.1789000272750854,-0.00015997886657714844,1.1770820116996765,-2.99930572511542e-06,0.0018180155754088378,59.647632180329914,1.2074852525126047,1.1790000200271606,1.1785000562667847,1.1790000200271606,1.1785000562667847,1,0,0,0
2025-08-18 05:00:00+00:00,1.1788500547409058,1.1790499687194824,1.1788500547409058,1.1790499687194824,8,1.1788200378417968,-7.998943328857422e-05,1.177086012363434,4.000663757386391e-06,0.0017340254783628772,56.55162676114736,-3.0960054191825535,1.1791499853134155,1.1790000200271606,1.1792000532150269,1.1790000200271606,0,0,0,0
2025-08-18 06:00:00+00:00,1.1779999732971191,1.1788500547409058,1.1779999732971191,1.1788500547409058,8,1.1787100315093995,-0.00011000633239732771,1.177072012424469,-1.3999938965003622e-05,0.0016380190849305531,49.79166524309309,-6.7599615180542685,1.1788500547409058,1.1791499853134155,1.1790499687194824,1.1792000532150269,0,0,0,0
2025-08-18 07:00:00+00:00,1.1770000457763672,1.1785500049591064,1.1770000457763672,1.1783000230789185,12,1.178410029411316,-0.0003000020980834517,1.1770240139961243,-4.799842834457557e-05,0.001386015415191677,43.2435917031169,-6.548073539976194,1.1779999732971191,1.1788500547409058,1.1788500547409058,1.1790499687194824,0,0,0,0
2025-08-18 08:00:00+00:00,1.1769499778747559,1.1771999597549438,1.1757500171661377,1.1758999824523926,15,1.178000020980835,-0.00041000843048100144,1.17697101354599,-5.3000450134232935e-05,0.0010290074348449085,42.93909309162408,-0.30449861149281787,1.1770000457763672,1.1779999732971191,1.1785500049591064,1.1788500547409058,0,0,0,0
2025-08-18 09:00:00+00:00,1.1765999794006348,1.1771999597549438,1.1763499975204468,1.1763499975204468,6,1.1774800062179565,-0.0005200147628785512,1.176913013458252,-5.800008773815257e-05,0.0005669927597045099,40.77749217569208,-2.1616009159319987,1.1757500171661377,1.1770000457763672,1.1771999597549438,1.1785500049591064,0,0,0,0
2025-08-18 10:00:00+00:00,1.1767499446868896,1.1768499612808228,1.176550030708313,1.1765999794006348,14,1.1770599842071534,-0.000420022010803045,1.176852011680603,-6.100177764900572e-05,0.0002079725265504706,42.1219458524189,1.3444536767268147,1.1763499975204468,1.1757500171661377,1.1771999597549438,1.1771999597549438,0,0,0,0
2025-08-18 11:00:00+00:00,1.176200032234192,1.1773500442504883,1.176200032234192,1.1770999431610107,11,1.1766999959945679,-0.00035998821258553804,1.1767730116844177,-7.899999618521392e-05,-7.301568984985352e-05,38.656427072112315,-3.4655187803065814,1.176550030708313,1.1763499975204468,1.1768499612808228,1.1771999597549438,0,0,0,0
2025-08-18 12:00:00+00:00,1.1757999658584595,1.1763499975204468,1.1755000352859497,1.1762499809265137,22,1.1764599800109863,-0.00024001598358158738,1.1767120099067687,-6.100177764900572e-05,-0.0002520298957824352,36.31556503831727,-2.340862033795048,1.176200032234192,1.176550030708313,1.1773500442504883,1.1768499612808228,0,0,0,0
2025-08-18 13:00:00+00:00,1.176300048828125,1.176300048828125,1.1757999658584595,1.1760499477386475,121,1.17632999420166,-0.00012998580932621628,1.1766580104827882,-5.399942398054414e-05,-0.0003280162811281073,41.115647594011854,4.800082555694587,1.1755000352859497,1.176200032234192,1.1763499975204468,1.1773500442504883,0,0,0,0
2025-08-18 14:00:00+00:00,1.1749999523162842,1.1770000457763672,1.1749999523162842,1.1764500141143799,62,1.1760099887847901,-0.00032000541686993955,1.1765780091285705,-8.000135421770693e-05,-0.0005680203437803399,33.95111776081953,-7.164529833192326,1.1757999658584595,1.1755000352859497,1.176300048828125,1.1763499975204468,0,0,0,0
2025-08-18 15:00:00+00:00,1.1753499507904053,1.1756500005722046,1.1748499870300293,1.1749999523162842,24,1.1757299900054932,-0.0002799987792969638,1.176538007259369,-4.0001869201500284e-05,-0.0008080172538758035,37.127387021627875,3.176269260808347,1.1749999523162842,1.1757999658584595,1.1770000457763672,1.176300048828125,0,0,0,0
2025-08-18 16:00:00+00:00,1.1750500202178955,1.1751999855041504,1.1748499870300293,1.1749999523162842,0,1.1754999876022338,-0.00023000240325932175,1.1765050077438355,-3.299951553348279e-05,-0.0010050201416016424,35.54967845007259,-1.5777085715552843,1.1748499870300293,1.1749999523162842,1.1756500005722046,1.1770000457763672,0,0,0,0
2025-08-18 17:00:00+00:00,1.1750999689102173,1.1751500368118286,1.1745500564575195,1.1745500564575195,0,1.1753599882125854,-0.0001399993896484819,1.1764960074424744,-9.000301361083984e-06,-0.0011360192298890404,36.03714888776796,0.4874704376953716,1.1748499870300293,1.1748499870300293,1.1751999855041504,1.1756500005722046,0,1,0,0
2025-08-18 18:00:00+00:00,1.174649953842163,1.1751500368118286,1.1746000051498413,1.1748499870300293,432,1.1750299692153932,-0.0003300189971922052,1.1764460062980653,-5.0001144409117515e-05,-0.001416037082672128,33.57334876102814,-2.4638001267398195,1.1745500564575195,1.1748499870300293,1.1751500368118286,1.1751999855041504,0,0,0,0
2025-08-18 19:00:00+00:00,1.1748499870300293,1.1748499870300293,1.1748499870300293,1.1748499870300293,0,1.174999976158142,-2.9993057251154198e-05,1.1763830065727234,-6.299972534185017e-05,-0.001383030414581432,35.67844177485712,2.105093013828977,1.1746000051498413,1.1745500564575195,1.1751500368118286,1.1751500368118286,0,0,0,0
2025-08-18 20:00:00+00:00,1.1749500036239624,1.1749500036239624,1.1749500036239624,1.1749500036239624,0,1.1749199867248534,-7.998943328857422e-05,1.1763860058784485,2.99930572511542e-06,-0.0014660191535951217,36.7576167021873,1.079174927330179,1.1748499870300293,1.1746000051498413,1.1748499870300293,1.1751500368118286,0,0,0,0
2025-08-18 22:00:00+00:00,1.1757500171661377,1.1757500171661377,1.1745500564575195,1.1745500564575195,2,1.175059986114502,0.0001399993896484819,1.1764240050315857,3.7999153137180386e-05,-0.0013640189170838202,44.743591010938,7.9859743087506985,1.1749500036239624,1.1748499870300293,1.1749500036239624,1.1748499870300293,0,1,0,0
2025-08-18 23:00:00+00:00,1.1748499870300293,1.1748499870300293,1.1748499870300293,1.1748499870300293,1,1.1750099897384643,-4.9996376037642065e-05,1.1764230036735535,-1.0013580322709714e-06,-0.0014130139350891913,38.80656111458191,-5.937029896356087,1.1745500564575195,1.1749500036239624,1.1757500171661377,1.1749500036239624,0,0,0,0
2025-08-19 00:00:00+00:00,1.174399971961975,1.174399971961975,1.174399971961975,1.174399971961975,1,1.1749599933624268,-4.999637603742002e-05,1.1764540028572084,3.099918365490062e-05,-0.001494009494781512,36.218783529907995,-2.5877775846739155,1.1748499870300293,1.1745500564575195,1.1748499870300293,1.1757500171661377,0,0,0,0
2025-08-19 01:00:00+00:00,1.1738500595092773,1.1744500398635864,1.1726499795913696,1.1744500398635864,12,1.1747600078582763,-0.00019998550415056826,1.1764930033683776,3.900051116922931e-05,-0.0017329955101013095,33.29681420409385,-2.921969325814146,1.174399971961975,1.1748499870300293,1.174399971961975,1.1748499870300293,0,1,0,0
2025-08-19 02:00:00+00:00,1.1736500263214111,1.174149990081787,1.1736500263214111,1.1738500595092773,4,1.174500012397766,-0.0002599954605102539,1.1765200042724608,2.7000904083251953e-05,-0.0020199918746948153,32.276756218416566,-1.0200579856772833,1.1726499795913696,1.174399971961975,1.1744500398635864,1.174399971961975,0,0,0,0
2025-08-19 03:00:00+00:00,1.1740000247955322,1.1743500232696533,1.1740000247955322,1.1743500232696533,11,1.174150013923645,-0.00034999847412109375,1.1765450048446655,2.500057220466978e-05,-0.002394990921020579,35.97278679173064,3.6960305733140757,1.1736500263214111,1.1726499795913696,1.174149990081787,1.1744500398635864,0,0,0,0
2025-08-19 04:00:00+00:00,1.1748000383377075,1.1748000383377075,1.1748000383377075,1.1748000383377075,1,1.1741400241851807,-9.989738464222242e-06,1.1765760064125061,3.1001567840638344e-05,-0.0024359822273254395,43.55566429895267,7.58287750722203,1.1740000247955322,1.1736500263214111,1.1743500232696533,1.174149990081787,0,0,0,0
2025-08-19 05:00:00+00:00,1.1749999523162842,1.1749999523162842,1.1749999523162842,1.1749999523162842,2,1.1742600202560425,0.000119996070861772,1.1766090059280396,3.299951553348279e-05,-0.0023489856719971502,45.29905520272992,1.7433909037772466,1.1748000383377075,1.1740000247955322,1.1748000383377075,1.1743500232696533,0,0,0,0
2025-08-19 06:00:00+00:00,1.1757500171661377,1.1757500171661377,1.173699975013733,1.173699975013733,17,1.1746400117874145,0.0003799915313720259,1.176654007434845,4.500150680541992e-05,-0.0020139956474305443,51.36829429558174,6.069239092851824,1.1749999523162842,1.1748000383377075,1.1749999523162842,1.1748000383377075,0,0,0,0
2025-08-19 08:00:00+00:00,1.1759999990463257,1.176200032234192,1.1757999658584595,1.176200032234192,40,1.1751100063323974,0.00046999454498286575,1.1766990065574645,4.499912261946015e-05,-0.0015890002250671387,53.230784115309206,1.8624898197274646,1.173699975013733,1.1749999523162842,1.1757500171661377,1.1749999523162842,0,0,0,0
2025-08-19 09:00:00+00:00,1.176550030708313,1.176550030708313,1.1758999824523926,1.1761499643325806,20,1.1756200075149537,0.0005100011825562856,1.176752007007599,5.300045013445498e-05,-0.001131999492645308,57.121896846948296,3.8911127316390903,1.1757999658584595,1.173699975013733,1.176200032234192,1.1757500171661377,0,0,0,0
2025-08-19 10:00:00+00:00,1.1773500442504883,1.1776000261306763,1.1765999794006348,1.1765999794006348,37,1.1761300086975097,0.0005100011825560635,1.1768060088157655,5.4001808166503906e-05,-0.0006760001182557485,62.06548811704313,4.943591270094835,1.1758999824523926,1.1757999658584595,1.176550030708313,1.176200032234192,0,0,0,0
2025-08-19 11:00:00+00:00,1.1769499778747559,1.1778000593185425,1.1769499778747559,1.1777000427246094,38,1.176520013809204,0.00039000511169429153,1.1768470072746278,4.0998458862295806e-05,-0.00032699346542375274,58.43708970971154,-3.628398407331588,1.1765999794006348,1.1758999824523926,1.1776000261306763,1.176550030708313,1,0,0,0
2025-08-19 12:00:00+00:00,1.1759999990463257,1.176900029182434,1.1758500337600708,1.176900029182434,14,1.1765700101852417,4.9996376037642065e-05,1.1768500065803529,2.99930572511542e-06,-0.0002799963951112261,50.837113481533144,-7.599976228178399,1.1769499778747559,1.1765999794006348,1.1778000593185425,1.1776000261306763,0,0,0,0
2025-08-19 13:00:00+00:00,1.1763499975204468,1.1763499975204468,1.1756500005722046,1.1756500005722046,0,1.176640009880066,6.999969482435198e-05,1.1768370056152344,-1.3000965118470376e-05,-0.00019699573516840374,53.24949962976943,2.412386148236287,1.1758500337600708,1.1769499778747559,1.176900029182434,1.1778000593185425,0,0,0,0
2025-08-19 14:00:00+00:00,1.1756999492645264,1.1761000156402588,1.1752500534057617,1.1761000156402588,356,1.1764699935913085,-0.00017001628875745745,1.1768110036849975,-2.600193023694075e-05,-0.00034101009368892043,48.49035457547634,-4.759145054293093,1.1756500005722046,1.1758500337600708,1.1763499975204468,1.176900029182434,0,0,0,0
2025-08-19 15:00:00+00:00,1.174649953842163,1.1756999492645264,1.1746000051498413,1.1756999492645264,169,1.1759299755096435,-0.0005400180816650391,1.1767640018463135,-4.7001838684002095e-05,-0.0008340263366699574,41.96600099756991,-6.524353577906432,1.1752500534057617,1.1756500005722046,1.1761000156402588,1.1763499975204468,0,0,0,0
2025-08-19 16:00:00+00:00,1.1742000579833984,1.1744999885559082,1.1740000247955322,1.1744999885559082,85,1.175379991531372,-0.00054998397827144,1.1767010021209716,-6.299972534185017e-05,-0.0013210105895995472,39.51282086968424,-2.453180127885666,1.1746000051498413,1.1752500534057617,1.1756999492645264,1.1761000156402588,0,0,0,0
2025-08-19 17:00:00+00:00,1.1742000579833984,1.1742000579833984,1.174149990081787,1.174149990081787,9,1.1750200033187865,-0.00035998821258553804,1.1766420030593872,-5.8999061584463774e-05,-0.0016219997406006215,39.51282086968425,7.105427357601002e-15,1.1740000247955322,1.1746000051498413,1.1744999885559082,1.1756999492645264,0,0,0,0
2025-08-19 18:00:00+00:00,1.17330002784729,1.173949956893921,1.1727999448776245,1.173799991607666,68,1.1744100093841552,-0.0006099939346313477,1.1765590047836303,-8.299827575686258e-05,-0.0021489953994751065,34.79383598903347,-4.71898488065078,1.174149990081787,1.1740000247955322,1.1742000579833984,1.1744999885559082,0,0,0,0
2025-08-19 19:00:00+00:00,1.173200011253357,1.173200011253357,1.1728500127792358,1.1728500127792358,7,1.1739100217819214,-0.0004999876022337979,1.176445004940033,-0.00011399984359727888,-0.0025349831581116256,34.303550192688874,-0.4902857963445939,1.1727999448776245,1.174149990081787,1.173949956893921,1.1742000579833984,0,0,0,0
2025-08-19 23:00:00+00:00,1.172700047492981,1.1729999780654907,1.172700047492981,1.1729999780654907,0,1.173520040512085,-0.0003899812698364702,1.176303005218506,-0.00014199972152706408,-0.0027829647064210317,31.884847476024078,-2.4187027166647965,1.1728500127792358,1.1727999448776245,1.173200011253357,1.173949956893921,0,0,0,0
2025-08-20 00:00:00+00:00,1.1723500490188599,1.1723999977111816,1.1719000339508057,1.1720000505447388,11,1.1731500387191773,-0.0003700017929075816,1.1761660051345826,-0.0001370000839233665,-0.003015966415405247,30.27550973634085,-1.6093377396832267,1.172700047492981,1.1728500127792358,1.1729999780654907,1.173200011253357,0,0,0,0
2025-08-20 01:00:00+00:00,1.1716500520706177,1.1716500520706177,1.1715500354766846,1.1715500354766846,3,1.172640037536621,-0.0005100011825562856,1.1760190057754516,-0.00014699935913098372,-0.0033789682388305486,27.306919584417912,-2.968590151922939,1.1719000339508057,1.172700047492981,1.1723999977111816,1.1729999780654907,0,0,0,0
2025-08-20 02:00:00+00:00,1.1706500053405762,1.1711499691009521,1.1706500053405762,1.1710000038146973,10,1.1721100330352783,-0.0005300045013427734,1.1758560061454773,-0.00016299962997434747,-0.0037459731101989746,23.72745000178692,-3.579469582630992,1.1715500354766846,1.1719000339508057,1.1716500520706177,1.1723999977111816,0,1,0,0
2025-08-20 03:00:00+00:00,1.1717499494552612,1.1718499660491943,1.1713000535964966,1.1713000535964966,34,1.1718200206756593,-0.0002900123596190074,1.1757110047340393,-0.00014500141143791723,-0.0038909840583800648,33.97845933998079,10.251009338193867,1.1706500053405762,1.1715500354766846,1.1711499691009521,1.1716500520706177,0,0,0,0
2025-08-20 04:00:00+00:00,1.1721500158309937,1.1721999645233154,1.1721500158309937,1.1721999645233154,2,1.1717100143432617,-0.00011000633239754976,1.1755750060081482,-0.00013599872589109552,-0.003864991664886519,37.28024466761559,3.3017853276348035,1.1713000535964966,1.1706500053405762,1.1718499660491943,1.1711499691009521,0,0,0,0
2025-08-20 05:00:00+00:00,1.1723500490188599,1.1723999977111816,1.1717000007629395,1.1717000007629395,19,1.1717100143432617,0.0,1.1754400062561035,-0.00013499975204478432,-0.0037299919128417347,38.924926387520394,1.6446817199048027,1.1721500158309937,1.1713000535964966,1.1721999645233154,1.1718499660491943,0,0,0,0
2025-08-20 06:00:00+00:00,1.1717499494552612,1.1725000143051147,1.1708999872207642,1.1725000143051147,19,1.1717299938201904,1.997947692866653e-05,1.1752750062942505,-0.00016499996185292964,-0.0035450124740601385,35.88478490468674,-3.040141482833654,1.1717000007629395,1.1721500158309937,1.1723999977111816,1.1721999645233154,0,0,0,0
2025-08-20 07:00:00+00:00,1.1723500490188599,1.1727499961853027,1.1723500490188599,1.1723500490188599,11,1.1720700025558473,0.0003400087356568715,1.1751370072364806,-0.00013799905776989974,-0.0030670046806333673,40.85915616627856,4.97437126159182,1.1708999872207642,1.1717000007629395,1.1725000143051147,1.1723999977111816,0,0,0,0
2025-08-20 08:00:00+00:00,1.1720999479293823,1.1730999946594238,1.1720999479293823,1.1730999946594238,13,1.1721400022506714,6.999969482412993e-05,1.1750080060958863,-0.00012900114059433143,-0.002868003845214906,39.484235066201265,-1.3749211000772945,1.1723500490188599,1.1708999872207642,1.1727499961853027,1.1725000143051147,0,0,0,0
2025-08-20 09:00:00+00:00,1.1728500127792358,1.1728500127792358,1.1720999479293823,1.1721500158309937,10,1.1722800016403199,0.0001399993896484819,1.1748950052261353,-0.00011300086975096768,-0.0026150035858154563,45.416464749120664,5.932229682919399,1.1720999479293823,1.1723500490188599,1.1730999946594238,1.1727499961853027,0,0,0,0
2025-08-20 10:00:00+00:00,1.17330002784729,1.1737500429153442,1.1731499433517456,1.1731499433517456,14,1.1724699974060058,0.00018999576568590193,1.1747810053825378,-0.00011399984359750093,-0.0023110079765320535,48.66773298018969,3.2512682310690266,1.1720999479293823,1.1720999479293823,1.1728500127792358,1.1730999946594238,0,0,0,0
2025-08-20 11:00:00+00:00,1.1726499795913696,1.172950029373169,1.1725499629974365,1.1728999614715576,17,1.1726500034332275,0.0001800060272216797,1.1746500039100647,-0.00013100147247313565,-0.002000000476837238,44.54058290463078,-4.127150075558909,1.1731499433517456,1.1720999479293823,1.1737500429153442,1.1728500127792358,0,0,0,0
2025-08-20 12:00:00+00:00,1.1757500171661377,1.1757500171661377,1.173050045967102,1.173050045967102,61,1.1733299970626831,0.0006799936294556996,1.1745880031585694,-6.200075149531692e-05,-0.0012580060958862216,61.366513459365315,16.825930554734533,1.1725499629974365,1.1731499433517456,1.172950029373169,1.1737500429153442,1,0,0,0
2025-08-20 13:00:00+00:00,1.1743500232696533,1.1756500005722046,1.1743500232696533,1.1754499673843384,63,1.1737800121307373,0.0004500150680541992,1.1745150041580201,-7.299900054924535e-05,-0.000734992027282777,53.475979275599116,-7.890534183766199,1.173050045967102,1.1725499629974365,1.1757500171661377,1.172950029373169,0,0,0,0
2025-08-20 14:00:00+00:00,1.1749999523162842,1.1751500368118286,1.1734999418258667,1.174649953842163,74,1.174210000038147,0.00042998790740966797,1.1744750022888184,-4.000186920172233e-05,-0.0002650022506713867,56.28606364762716,2.8100843720280437,1.1743500232696533,1.173050045967102,1.1756500005722046,1.1757500171661377,0,0,0,0
2025-08-20 15:00:00+00:00,1.1730999946594238,1.1746000051498413,1.1730999946594238,1.1746000051498413,59,1.1741699934005738,-4.000663757319778e-05,1.1743980026245118,-7.699966430663174e-05,-0.00022800922393795275,47.29310483033064,-8.992958817296518,1.1734999418258667,1.1743500232696533,1.1751500368118286,1.1756500005722046,0,0,0,0
2025-08-20 16:00:00+00:00,1.1742500066757202,1.174399971961975,1.1734000444412231,1.1734000444412231,43,1.1744899988174438,0.00032000541686993955,1.1743510031700135,-4.699945449826437e-05,0.00013899564743025117,52.26458352462502,4.971478694294376,1.1730999946594238,1.1734999418258667,1.1746000051498413,1.1751500368118286,0,0,0,0
2025-08-20 17:00:00+00:00,1.1756500005722046,1.1756500005722046,1.1744999885559082,1.1744999885559082,36,1.1744699954986573,-2.0003318786487867e-05,1.1743290042877197,-2.1998882293816635e-05,0.00014099121093757994,57.51788932450595,5.253305799880934,1.1734000444412231,1.1730999946594238,1.174399971961975,1.1746000051498413,0,0,0,0
2025-08-20 18:00:00+00:00,1.173949956893921,1.1756000518798828,1.1739000082015991,1.1756000518798828,30,1.1743899822235107,-8.00132751466176e-05,1.1742840027809143,-4.500150680541992e-05,0.00010597944259638226,50.28154533309971,-7.236343991406244,1.1744999885559082,1.1734000444412231,1.1756500005722046,1.174399971961975,0,0,0,0
2025-08-20 19:00:00+00:00,1.173699975013733,1.1742000579833984,1.173699975013733,1.1739000082015991,8,1.1741299867630004,-0.0002599954605102539,1.1742420029640197,-4.199981689456678e-05,-0.00011201620101930487,49.29936613436614,-0.9821791987335686,1.1739000082015991,1.1744999885559082,1.1756000518798828,1.1756500005722046,0,0,0,0
2025-08-20 20:00:00+00:00,1.173449993133545,1.1736500263214111,1.1732499599456787,1.1736500263214111,0,1.1741999864578248,6.999969482435198e-05,1.174185001850128,-5.7001113891619326e-05,1.498460769666643e-05,48.28366250468448,-1.01570362968166,1.173699975013733,1.1739000082015991,1.1742000579833984,1.1756000518798828,0,0,0,0
2025-08-20 22:00:00+00:00,1.1734000444412231,1.1734000444412231,1.1734000444412231,1.1734000444412231,2,1.1740299940109253,-0.00016999244689941406,1.1741530036926269,-3.199815750121182e-05,-0.0001230096817015358,48.07055190396806,-0.21311060071641919,1.1732499599456787,1.173699975013733,1.1736500263214111,1.1742000579833984,0,0,0,0
2025-08-21 00:00:00+00:00,1.1723999977111816,1.1725000143051147,1.1723999977111816,1.1725000143051147,21,1.1733799934387208,-0.0006500005722045454,1.1740940046310424,-5.8999061584463774e-05,-0.0007140111923216175,43.893359105445214,-4.177192798522846,1.1734000444412231,1.1732499599456787,1.1734000444412231,1.1736500263214111,0,0,0,0
2025-08-21 01:00:00+00:00,1.1723500490188599,1.1726499795913696,1.1723500490188599,1.1726499795913696,5,1.1730600118637085,-0.00031998157501234026,1.1740400052070619,-5.399942398054414e-05,-0.0009799933433534136,43.68915354913498,-0.20420555631023518,1.1723999977111816,1.1734000444412231,1.1725000143051147,1.1734000444412231,0,0,0,0
2025-08-21 02:00:00+00:00,1.1725499629974365,1.1726499795913696,1.1725499629974365,1.1726499795913696,6,1.1728300094604491,-0.00023000240325932175,1.1739890050888062,-5.100011825565076e-05,-0.0011589956283570846,44.79613900092966,1.106985451794678,1.1723500490188599,1.1723999977111816,1.1726499795913696,1.1725000143051147,0,0,0,0
2025-08-21 06:00:00+00:00,1.1712499856948853,1.1729999780654907,1.1712499856948853,1.1729999780654907,68,1.1723900079727172,-0.0004400014877319336,1.1739210057258607,-6.799936294554776e-05,-0.0015309977531434704,39.37546988896498,-5.420669111964678,1.1725499629974365,1.1723500490188599,1.1726499795913696,1.1726499795913696,0,0,0,0
2025-08-21 07:00:00+00:00,1.1743500232696533,1.1743500232696533,1.1708999872207642,1.1708999872207642,30,1.1725800037384033,0.00018999576568612397,1.173911006450653,-9.999275207617231e-06,-0.0013310027122497292,53.74864322640034,14.373173337435361,1.1712499856948853,1.1725499629974365,1.1729999780654907,1.1726499795913696,0,0,0,0
2025-08-21 08:00:00+00:00,1.1737500429153442,1.1740000247955322,1.1733499765396118,1.173799991607666,21,1.1728500127792358,0.00027000904083251953,1.1738870072364807,-2.399921417239881e-05,-0.0010369944572448109,51.21771831468399,-2.5309249117163475,1.1708999872207642,1.1712499856948853,1.1743500232696533,1.1729999780654907,0,0,0,0
2025-08-21 09:00:00+00:00,1.174049973487854,1.174399971961975,1.1737500429153442,1.1737500429153442,23,1.1731899976730347,0.0003399848937988281,1.1738530063629151,-3.400087356553172e-05,-0.000663008689880451,52.423781509573445,1.2060631948894525,1.1733499765396118,1.1708999872207642,1.1740000247955322,1.1743500232696533,1,0,0,0
2025-08-21 10:00:00+00:00,1.1733499765396118,1.1733499765396118,1.1733499765396118,1.1733499765396118,1,1.1733500003814696,0.00016000270843496978,1.1738230061531068,-3.0000209808367373e-05,-0.0004730057716371139,49.356774165990814,-3.067007343582631,1.1737500429153442,1.1733499765396118,1.174399971961975,1.1740000247955322,0,0,0,0
2025-08-21 11:00:00+00:00,1.1722500324249268,1.1736500263214111,1.1722500324249268,1.1735999584197998,46,1.173550009727478,0.0002000093460083896,1.1737800073623657,-4.2998790741100024e-05,-0.00022999763488762426,44.91052534245316,-4.446248823537651,1.1733499765396118,1.1737500429153442,1.1733499765396118,1.174399971961975,0,0,0,0
2025-08-21 12:00:00+00:00,1.173550009727478,1.173699975013733,1.1719000339508057,1.1720499992370605,154,1.173390007019043,-0.00016000270843496978,1.1737740063667297,-6.0009956359685646e-06,-0.00038399934768662547,50.57715195472781,5.666626612274648,1.1722500324249268,1.1733499765396118,1.1736500263214111,1.1733499765396118,0,0,0,0
2025-08-21 13:00:00+00:00,1.1699999570846558,1.1732499599456787,1.1699999570846558,1.173200011253357,409,1.1726399898529052,-0.000750017166137873,1.1737010049819947,-7.300138473498308e-05,-0.0010610151290895153,38.830530016381054,-11.746621938346756,1.1719000339508057,1.1722500324249268,1.173699975013733,1.1736500263214111,0,0,0,0
2025-08-21 14:00:00+00:00,1.169600009918213,1.1710000038146973,1.1689000129699707,1.170050024986267,83,1.171749997138977,-0.0008899927139280894,1.1736130046844482,-8.800029754651995e-05,-0.0018630075454710848,37.76634749772075,-1.064182518660303,1.1699999570846558,1.1719000339508057,1.1732499599456787,1.173699975013733,0,0,0,0
2025-08-21 15:00:00+00:00,1.1689000129699707,1.170799970626831,1.1684999465942383,1.1698499917984009,578,1.1708600044250488,-0.0008899927139283115,1.1734950041770935,-0.00011800050735466527,-0.002634999752044731,35.91131177550132,-1.8550357222194336,1.1689000129699707,1.1699999570846558,1.1710000038146973,1.1732499599456787,0,0,0,0
2025-08-21 16:00:00+00:00,1.1691999435424805,1.1691999435424805,1.1684499979019165,1.1686500310897827,28,1.1702499866485596,-0.000610017776489169,1.1733790040016174,-0.0001160001754760831,-0.003129017353057817,37.33169173661713,1.4203799611158132,1.1684999465942383,1.1689000129699707,1.170799970626831,1.1710000038146973,0,1,0,0
2025-08-21 17:00:00+00:00,1.169800043106079,1.170050024986267,1.1697499752044678,1.1698499917984009,23,1.1694999933242798,-0.0007499933242798296,1.1732600045204162,-0.00011899948120119852,-0.003760011196136448,40.18796020490335,2.856268468286217,1.1684499979019165,1.1684999465942383,1.1691999435424805,1.170799970626831,0,0,0,0
2025-08-21 18:00:00+00:00,1.1692999601364136,1.1697499752044678,1.1690000295639038,1.169600009918213,53,1.1693599939346313,-0.0001399993896484819,1.173126003742218,-0.00013400077819825107,-0.003766009807586679,38.6087489829284,-1.5792112219749512,1.1697499752044678,1.1684499979019165,1.170050024986267,1.1691999435424805,0,0,0,0
2025-08-21 19:00:00+00:00,1.1691499948501587,1.1691999435424805,1.1691499948501587,1.1691999435424805,11,1.1692699909210205,-9.000301361083984e-05,1.172978003025055,-0.00014800071716303265,-0.003708012104034486,38.12492585486632,-0.4838231280620775,1.1690000295639038,1.1697499752044678,1.1697499752044678,1.170050024986267,0,0,0,0
2025-08-21 20:00:00+00:00,1.1690499782562256,1.1690499782562256,1.1687500476837158,1.1687500476837158,0,1.1692999839782714,2.9993057250932154e-05,1.1728120017051697,-0.00016600131988520062,-0.0035120177268983532,37.784843168627745,-0.3400826862385742,1.1691499948501587,1.1690000295639038,1.1691999435424805,1.1697499752044678,0,0,0,0
2025-08-21 22:00:00+00:00,1.169350028038025,1.1694999933242798,1.169350028038025,1.1694999933242798,4,1.1693300008773804,3.0016899108975537e-05,1.172660002708435,-0.0001519989967346813,-0.0033300018310546964,39.5276072702472,1.742764101619457,1.1687500476837158,1.1691499948501587,1.1690499782562256,1.1691999435424805,0,0,0,0
2025-08-22 01:00:00+00:00,1.169100046157837,1.169100046157837,1.169100046157837,1.169100046157837,6,1.169190001487732,-0.0001399993896484819,1.1725220036506654,-0.0001379990577696777,-0.0033320021629335006,38.55852049906103,-0.9690867711861699,1.169350028038025,1.1687500476837158,1.1694999933242798,1.1690499782562256,0,0,0,0
2025-08-22 02:00:00+00:00,1.1691999435424805,1.169600009918213,1.1691999435424805,1.1692999601364136,14,1.1691699981689454,-2.0003318786487867e-05,1.172379002571106,-0.00014300107955933505,-0.0032090044021606534,39.20001930468969,0.6414988056286575,1.169100046157837,1.169350028038025,1.169100046157837,1.1694999933242798,0,0,0,0
2025-08-22 03:00:00+00:00,1.1676000356674194,1.1689499616622925,1.1674000024795532,1.1689499616622925,24,1.1688600063323975,-0.00030999183654789597,1.1722170042991638,-0.00016199827194229854,-0.003356997966766251,33.218170424423334,-5.981848880266355,1.1691999435424805,1.169100046157837,1.169600009918213,1.169100046157837,0,0,0,0
2025-08-22 04:00:00+00:00,1.1668000221252441,1.167199969291687,1.1663999557495117,1.167199969291687,68,1.1684100151062011,-0.0004499912261963779,1.1720600056648254,-0.0001569986343383789,-0.00364999055862425,30.695766224689137,-2.522404199734197,1.1674000024795532,1.1691999435424805,1.1689499616622925,1.169600009918213,0,1,0,0
2025-08-22 05:00:00+00:00,1.166700005531311,1.1670000553131104,1.1666500568389893,1.1666500568389893,7,1.1678800106048584,-0.0005300045013427734,1.1719100046157838,-0.00015000104904161482,-0.004029994010925408,30.385124777038314,-0.31064144765082347,1.1663999557495117,1.1674000024795532,1.167199969291687,1.1689499616622925,0,0,0,0
2025-08-22 06:00:00+00:00,1.167199969291687,1.1676000356674194,1.1668000221252441,1.1669000387191772,50,1.1674999952316285,-0.00038001537322984724,1.1717700028419495,-0.00014000177383421963,-0.004270007610321036,33.98175701922669,3.5966322421883774,1.1666500568389893,1.1663999557495117,1.1670000553131104,1.167199969291687,0,0,0,0
2025-08-22 07:00:00+00:00,1.1676000356674194,1.1679999828338623,1.1670500040054321,1.1670500040054321,22,1.1671800136566162,-0.00031998157501234026,1.171656002998352,-0.00011399984359750093,-0.004475989341735875,36.795721874484,2.8139648552573107,1.1668000221252441,1.1666500568389893,1.1676000356674194,1.1670000553131104,0,0,0,0
2025-08-22 08:00:00+00:00,1.1680500507354736,1.1680500507354736,1.1674000024795532,1.167449951171875,1427,1.167270016670227,9.000301361083984e-05,1.1715530037879944,-0.00010299921035761272,-0.004282987117767423,39.89896869307483,3.1032468185908257,1.1670500040054321,1.1668000221252441,1.1679999828338623,1.1676000356674194,0,0,0,0
2025-08-22 09:00:00+00:00,1.167799949645996,1.1684000492095947,1.167799949645996,1.1679999828338623,309,1.1674700021743774,0.00019998550415034622,1.1714550018310548,-9.800195693965286e-05,-0.003984999656677424,38.759961691463744,-1.139007001611084,1.1674000024795532,1.1670500040054321,1.1680500507354736,1.1679999828338623,0,0,0,0
2025-08-22 10:00:00+00:00,1.1677500009536743,1.1682000160217285,1.1677500009536743,1.1680500507354736,9,1.1676800012588502,0.00020999908447283389,1.1713630008697509,-9.200096130390634e-05,-0.0036829996109006835,38.52343348771187,-0.2365282037518739,1.167799949645996,1.1674000024795532,1.1684000492095947,1.1680500507354736,0,0,0,0
2025-08-22 11:00:00+00:00,1.1686999797821045,1.1687999963760376,1.1678999662399292,1.1682000160217285,130,1.1679800033569336,0.0003000020980834517,1.1713039994239807,-5.90014457702015e-05,-0.0033239960670470303,45.353660770795805,6.830227283083936,1.1677500009536743,1.167799949645996,1.1682000160217285,1.1684000492095947,0,0,0,0
2025-08-22 12:00:00+00:00,1.1691499948501587,1.169450044631958,1.1690000295639038,1.1690000295639038,120,1.1682899951934815,0.00030999183654789597,1.1712739992141723,-3.0000209808367373e-05,-0.002984004020690767,48.284832732523036,2.9311719617272303,1.1678999662399292,1.1677500009536743,1.1687999963760376,1.1682000160217285,0,0,0,0
2025-08-22 13:00:00+00:00,1.1680999994277954,1.170050024986267,1.1679999828338623,1.169600009918213,82,1.1682999849319458,9.989738464222242e-06,1.171201000213623,-7.299900054924535e-05,-0.0029010152816772994,42.54995268114394,-5.734880051379093,1.1690000295639038,1.1678999662399292,1.169450044631958,1.1687999963760376,0,0,0,0
2025-08-22 14:00:00+00:00,1.1799499988555908,1.1800999641418457,1.1692999601364136,1.1692999601364136,3441,1.1707299947738647,0.0024300098419189897,1.171356999874115,0.00015599966049184566,-0.0006270051002501553,76.48902138626558,33.939068705121635,1.1679999828338623,1.1690000295639038,1.170050024986267,1.169450044631958,0,0,1,0
2025-08-22 15:00:00+00:00,1.1794999837875366,1.181249976158142,1.1794999837875366,1.1799999475479126,182,1.1730799913406371,0.002349996566772372,1.1714999985694885,0.00014299869537359733,0.0015799927711486195,74.68461609123835,-1.8044052950272231,1.1692999601364136,1.1679999828338623,1.1800999641418457,1.170050024986267,0,0,0,0
2025-08-22 16:00:00+00:00,1.180299997329712,1.180649995803833,1.1796000003814697,1.1796499490737915,533,1.1753999948501588,0.002320003509521662,1.1716709995269776,0.00017100095748912025,0.0037289953231811612,75.7785476104136,1.0939315191752428,1.1794999837875366,1.1692999601364136,1.181249976158142,1.1800999641418457,0,0,0,0
2025-08-22 17:00:00+00:00,1.1822500228881836,1.1822999715805054,1.1805000305175781,1.1805000305175781,352,1.1780200004577637,0.0026200056076048917,1.171868999004364,0.00019799947738641244,0.0061510014533996404,78.2461204728014,2.4675728623877973,1.1796000003814697,1.1794999837875366,1.180649995803833,1.181249976158142,1,0,1,0
2025-08-22 18:00:00+00:00,1.1805000305175781,1.1818499565124512,1.1805000305175781,1.1818000078201294,41,1.1805000066757203,0.002480006217956632,1.172037000656128,0.00016800165176400483,0.008463006019592267,71.23270193091443,-7.0134185418869635,1.1805000305175781,1.1796000003814697,1.1822999715805054,1.180649995803833,0,0,0,0
2025-08-22 19:00:00+00:00,1.180050015449524,1.1800999641418457,1.179800033569336,1.180050015449524,13,1.1805200099945068,2.0003318786487867e-05,1.1721810007095337,0.00014400005340564626,0.008339009284973109,69.50736719663183,-1.7253347342825975,1.1805000305175781,1.1805000305175781,1.1818499565124512,1.1822999715805054,0,0,0,0
2025-08-22 20:00:00+00:00,1.1803499460220337,1.180899977684021,1.1801999807357788,1.1801999807357788,37,1.1806900024414062,0.00016999244689941406,1.1723219990730285,0.0001409983634947931,0.00836800336837773,70.02842025131534,0.5210530546835059,1.179800033569336,1.1805000305175781,1.1800999641418457,1.1818499565124512,0,0,0,0
2025-08-24 22:00:00+00:00,1.1793999671936035,1.1803499460220337,1.1793999671936035,1.1799999475479126,25,1.1805099964141845,-0.0001800060272216797,1.1724569988250733,0.00013499975204478432,0.008052997589111266,66.17154014497967,-3.856880106335666,1.1801999807357788,1.179800033569336,1.180899977684021,1.1800999641418457,1,0,0,0
2025-08-24 23:00:00+00:00,1.1791000366210938,1.1794500350952148,1.1790000200271606,1.1794500350952148,23,1.1798799991607667,-0.0006299972534178355,1.1725239992141723,6.700038909901451e-05,0.007355999946594416,64.95516649646163,-1.2163736485180436,1.1793999671936035,1.1801999807357788,1.1803499460220337,1.180899977684021,0,1,0,0
2025-08-25 00:00:00+00:00,1.1777499914169312,1.1782000064849854,1.1777000427246094,1.1780999898910522,58,1.1793299913406372,-0.0005500078201294833,1.1725919985771178,6.799936294554776e-05,0.006737992763519385,59.64080026834107,-5.314366228120562,1.1790000200271606,1.1793999671936035,1.1794500350952148,1.1803499460220337,0,0,0,0
2025-08-25 01:00:00+00:00,1.1776000261306763,1.1784000396728516,1.1775000095367432,1.1780999898910522,44,1.1788399934768676,-0.0004899978637695757,1.1726440000534057,5.200147628792173e-05,0.006195993423461887,59.06273293015361,-0.5780673381874593,1.1777000427246094,1.1790000200271606,1.1782000064849854,1.1794500350952148,0,0,0,0
2025-08-25 02:00:00+00:00,1.1779999732971191,1.1779999732971191,1.1778500080108643,1.1778500080108643,21,1.1783699989318848,-0.00046999454498286575,1.1727419996261597,9.799957275391513e-05,0.0056279993057251065,60.17146315900423,1.108730228850625,1.1775000095367432,1.1777000427246094,1.1784000396728516,1.1782000064849854,0,0,0,0
2025-08-25 03:00:00+00:00,1.1788500547409058,1.1788500547409058,1.1780500411987305,1.1780500411987305,55,1.1782600164413453,-0.00010998249053950637,1.1728340005874633,9.200096130368429e-05,0.005426015853881916,62.49645764881477,2.3249944898105355,1.1778500080108643,1.1775000095367432,1.1779999732971191,1.1784000396728516,0,0,0,0
2025-08-25 04:00:00+00:00,1.1786999702453613,1.1788500547409058,1.1785500049591064,1.1785500049591064,3,1.1781800031661986,-8.00132751466176e-05,1.1728949999809266,6.099939346326799e-05,0.00528500318527203,61.81041797289952,-0.6860396759152465,1.1780500411987305,1.1778500080108643,1.1788500547409058,1.1779999732971191,0,0,0,0
2025-08-25 05:00:00+00:00,1.177899956703186,1.1783499717712402,1.177899956703186,1.1783499717712402,44,1.1782099962234498,2.9993057251154198e-05,1.1729739999771118,7.899999618521392e-05,0.0052359962463379706,58.14635825685164,-3.6640597160478805,1.1785500049591064,1.1780500411987305,1.1788500547409058,1.1788500547409058,0,0,0,0
2025-08-25 06:00:00+00:00,1.1797000169754028,1.1800999641418457,1.1791499853134155,1.1791499853134155,44,1.178629994392395,0.0004199981689452237,1.1730940008163453,0.00012000083923346949,0.005535993576049725,63.40313082732298,5.256772570471341,1.177899956703186,1.1785500049591064,1.1783499717712402,1.1788500547409058,1,0,0,0
2025-08-25 07:00:00+00:00,1.1779500246047974,1.1798499822616577,1.1776000261306763,1.1794999837875366,66,1.1786200046539306,-9.989738464444287e-06,1.1731840014457702,9.000062942488007e-05,0.0054360032081604,56.03467349714313,-7.368457330179851,1.1791499853134155,1.177899956703186,1.1800999641418457,1.1783499717712402,0,0,0,0
2025-08-25 08:00:00+00:00,1.1784499883651733,1.1787500381469727,1.1779999732971191,1.1779999732971191,22,1.1785399913787842,-8.001327514639556e-05,1.1732850003242492,0.00010099887847903055,0.005254991054534974,57.55244232907836,1.5177688319352285,1.1776000261306763,1.1791499853134155,1.1798499822616577,1.1800999641418457,0,0,0,0
2025-08-25 09:00:00+00:00,1.1772500276565552,1.1785500049591064,1.1770999431610107,1.1783499717712402,55,1.178250002861023,-0.00028998851776118606,1.1733820009231568,9.700059890760393e-05,0.004868001937866184,52.837755286773245,-4.7146870423051155,1.1779999732971191,1.1776000261306763,1.1787500381469727,1.1798499822616577,0,0,0,0
2025-08-25 10:00:00+00:00,1.176800012588501,1.1775000095367432,1.1766999959945679,1.1775000095367432,36,1.178030014038086,-0.00021998882293705613,1.1734710001945496,8.899927139283115e-05,0.004559013843536297,51.145592881416945,-1.6921624053562994,1.1770999431610107,1.1779999732971191,1.1785500049591064,1.1787500381469727,0,0,0,0
2025-08-25 11:00:00+00:00,1.1780999898910522,1.1782499551773071,1.1773500442504883,1.1773500442504883,39,1.1777100086212158,-0.0003200054168701616,1.1735820007324218,0.00011100053787216346,0.004128007888793972,55.57196744706687,4.4263745656499225,1.1766999959945679,1.1770999431610107,1.1775000095367432,1.1785500049591064,0,0,0,0
2025-08-25 12:00:00+00:00,1.1779999732971191,1.1783000230789185,1.177549958229065,1.1783000230789185,116,1.1777199983596802,9.989738464444287e-06,1.1737170004844666,0.00013499975204478432,0.004002997875213632,55.15789808536829,-0.41406936169858,1.1773500442504883,1.1766999959945679,1.1782499551773071,1.1775000095367432,0,0,0,0
2025-08-25 13:00:00+00:00,1.1779999732971191,1.1788500547409058,1.1776000261306763,1.1779999732971191,467,1.1776299953460694,-9.000301361083984e-05,1.1737899994850158,7.299900054924535e-05,0.0038399958610535467,55.15789808536829,0.0,1.177549958229065,1.1773500442504883,1.1783000230789185,1.1782499551773071,0,0,0,0
2025-08-25 14:00:00+00:00,1.1770999431610107,1.1785999536514282,1.1770999431610107,1.1779500246047974,120,1.1775999784469604,-3.0016899108975537e-05,1.173856997489929,6.699800491327679e-05,0.0037429809570312944,51.17814419999987,-3.9797538853684173,1.1776000261306763,1.177549958229065,1.1788500547409058,1.1783000230789185,0,0,0,0
2025-08-25 15:00:00+00:00,1.1748000383377075,1.1770999431610107,1.1747000217437744,1.1770000457763672,290,1.1771999835968017,-0.0003999948501587358,1.1738719987869262,1.5001296997052549e-05,0.003327984809875506,42.699786963650084,-8.478357236349787,1.1770999431610107,1.1776000261306763,1.1785999536514282,1.1788500547409058,0,0,0,0
2025-08-25 16:00:00+00:00,1.1736500263214111,1.1749999523162842,1.17330002784729,1.1749999523162842,531,1.1763099908828736,-0.0008899927139280894,1.1738779997825624,6.000995636190609e-06,0.002431991100311226,39.20259707153711,-3.4971898921129707,1.1747000217437744,1.1770999431610107,1.1770999431610107,1.1785999536514282,0,0,0,0
2025-08-25 17:00:00+00:00,1.1726499795913696,1.1735999584197998,1.1721999645233154,1.173550009727478,79,1.1752399921417236,-0.0010699987411499912,1.1738859987258912,7.998943328813013e-06,0.0013539934158324218,36.40994919975724,-2.79264787177987,1.17330002784729,1.1747000217437744,1.1749999523162842,1.1770999431610107,0,0,0,0
2025-08-25 18:00:00+00:00,1.170050024986267,1.1728500127792358,1.1699999570846558,1.1728500127792358,192,1.1736500024795533,-0.001589989662170277,1.1738159990310668,-6.999969482435198e-05,-0.00016599655151350312,30.355566884825265,-6.054382314931978,1.1721999645233154,1.17330002784729,1.1735999584197998,1.1749999523162842,0,0,0,0
2025-08-25 19:00:00+00:00,1.1690499782562256,1.170050024986267,1.1684000492095947,1.169950008392334,87,1.172040009498596,-0.0016099929809572089,1.1737969994544983,-1.899957656847917e-05,-0.0017569899559022328,28.399432687269112,-1.9561341975561533,1.1699999570846558,1.1721999645233154,1.1728500127792358,1.1735999584197998,0,1,0,0
2025-08-25 20:00:00+00:00,1.1700999736785889,1.1706000566482544,1.169100046157837,1.1691499948501587,46,1.1710999965667725,-0.0009400129318235528,1.1738069987297057,9.999275207395186e-06,-0.002707002162933181,33.26220511636171,4.862772429092601,1.1684000492095947,1.1699999570846558,1.170050024986267,1.1728500127792358,0,0,0,0
2025-08-25 22:00:00+00:00,1.1698999404907227,1.1698999404907227,1.1698999404907227,1.1698999404907227,0,1.1703499794006347,-0.000750017166137873,1.1738269972801207,1.9998550415012417e-05,-0.0034770178794860662,32.80510820079694,-0.45709691556477594,1.169100046157837,1.1684000492095947,1.1706000566482544,1.170050024986267,0,0,0,0
2025-08-25 23:00:00+00:00,1.1695499420166016,1.169800043106079,1.1692500114440918,1.169800043106079,10,1.169729971885681,-0.0006200075149536133,1.1738339972496032,6.999969482501811e-06,-0.004104025363922181,31.977080544927404,-0.8280276558695334,1.1698999404907227,1.169100046157837,1.1698999404907227,1.1706000566482544,0,0,0,0
2025-08-26 00:00:00+00:00,1.173449993133545,1.1738500595092773,1.1713500022888184,1.1716500520706177,177,1.1704099655151368,0.0006799936294556996,1.1739069962501525,7.299900054924535e-05,-0.003497030735015727,47.79094555466676,15.81386500973936,1.1692500114440918,1.1698999404907227,1.169800043106079,1.1698999404907227,0,0,0,0
2025-08-26 01:00:00+00:00,1.1714500188827515,1.1728500127792358,1.1714500188827515,1.172700047492981,37,1.170889973640442,0.00048000812530513137,1.1739499974250793,4.300117492683775e-05,-0.0030600237846374334,42.353323218771735,-5.437622335895028,1.1713500022888184,1.1692500114440918,1.1738500595092773,1.169800043106079,0,0,0,0
2025-08-26 02:00:00+00:00,1.1717499494552612,1.1725000143051147,1.1714999675750732,1.1721500158309937,35,1.1712199687957763,0.00032999515533438384,1.1740019965171813,5.1999092101961963e-05,-0.0027820277214050115,43.39350842241471,1.0401852036429773,1.1714500188827515,1.1713500022888184,1.1728500127792358,1.1738500595092773,0,0,0,0
2025-08-26 03:00:00+00:00,1.170799970626831,1.1711499691009521,1.1705000400543213,1.1711499691009521,42,1.171399974822998,0.0001800060272216797,1.1740369963645936,3.499984741228701e-05,-0.002637021541595619,40.877573643139165,-2.515934779275547,1.1714999675750732,1.1714500188827515,1.1725000143051147,1.1728500127792358,0,0,0,0
2025-08-26 04:00:00+00:00,1.1709500551223755,1.1709500551223755,1.1709500551223755,1.1709500551223755,1,1.1716799974441527,0.00028002262115478516,1.1740689969062805,3.2000541686949546e-05,-0.0023889994621277832,41.4550979719686,0.5775243288294334,1.1705000400543213,1.1714999675750732,1.1711499691009521,1.1725000143051147,0,0,0,0
2025-08-26 05:00:00+00:00,1.1720499992370605,1.1720499992370605,1.1713000535964966,1.1713000535964966,31,1.171399998664856,-0.0002799987792967418,1.174127995967865,5.8999061584463774e-05,-0.002727997303008989,45.645655182336895,4.190557210368297,1.1709500551223755,1.1705000400543213,1.1709500551223755,1.1711499691009521,0,0,0,0
2025-08-26 06:00:00+00:00,1.1706000566482544,1.1713500022888184,1.169800043106079,1.1713000535964966,30,1.1712300062179566,-0.00016999244689941406,1.1741559982299805,2.8002262115522925e-05,-0.0029259920120239258,41.43530604162518,-4.210349140711713,1.1713000535964966,1.1709500551223755,1.1720499992370605,1.1709500551223755,0,0,0,0
2025-08-26 07:00:00+00:00,1.169950008392334,1.1708500385284424,1.1684999465942383,1.1699999570846558,31,1.170870018005371,-0.00035998821258553804,1.1742029976844788,4.699945449826437e-05,-0.003332979679107728,39.66867508783854,-1.7666309537866454,1.169800043106079,1.1713000535964966,1.1713500022888184,1.1720499992370605,0,1,0,0
2025-08-26 08:00:00+00:00,1.1698499917984009,1.170199990272522,1.1692500114440918,1.170199990272522,38,1.1706800222396851,-0.00018999576568590193,1.1742639970779418,6.099939346304595e-05,-0.003583974838256676,39.39039841336392,-0.27827667447461835,1.1684999465942383,1.169800043106079,1.1708500385284424,1.1713500022888184,0,0,0,0
2025-08-26 09:00:00+00:00,1.1722999811172485,1.1722999811172485,1.1711000204086304,1.1711000204086304,9,1.1709500074386596,0.00026998519897447615,1.1743759965896607,0.00011199951171891875,-0.0034259891510011187,48.8551244806555,9.46472606729158,1.1692500114440918,1.1684999465942383,1.170199990272522,1.1708500385284424,0,0,0,0
2025-08-26 10:00:00+00:00,1.1723500490188599,1.1726000308990479,1.1720000505447388,1.1726000308990479,37,1.1710100173950195,6.000995635990769e-05,1.174478998184204,0.00010300159454335045,-0.0034689807891845614,49.03029403716282,0.17516955650732058,1.1711000204086304,1.1692500114440918,1.1722999811172485,1.170199990272522,0,0,0,0
2025-08-26 11:00:00+00:00,1.1735999584197998,1.1740000247955322,1.1722500324249268,1.172700047492981,344,1.1716099977493286,0.000599980354309082,1.1745989966392516,0.00011999845504750972,-0.002988998889922989,53.327819183683744,4.297525146520925,1.1720000505447388,1.1711000204086304,1.1726000308990479,1.1722999811172485,0,0,0,0
2025-08-26 12:00:00+00:00,1.1727499961853027,1.1740000247955322,1.1726000308990479,1.173449993133545,186,1.1721699953079223,0.0005599975585937056,1.1746929955482484,9.399890899675079e-05,-0.0025230002403260343,50.22650990738573,-3.101309276298011,1.1722500324249268,1.1720000505447388,1.1740000247955322,1.1726000308990479,0,0,0,0
2025-08-26 13:00:00+00:00,1.1732499599456787,1.1733499765396118,1.1720000505447388,1.1724499464035034,347,1.172849988937378,0.0006799936294556996,1.174801995754242,0.00010900020599358129,-0.001952006816863916,51.99499480365594,1.768484896270209,1.1726000308990479,1.1722500324249268,1.1740000247955322,1.1740000247955322,0,0,0,0
2025-08-26 14:00:00+00:00,1.173449993133545,1.174299955368042,1.1723999977111816,1.1729999780654907,384,1.1730799913406371,0.0002300024032590997,1.1749159955978394,0.00011399984359750093,-0.0018360042572023172,52.71882998783944,0.7238351841834998,1.1720000505447388,1.1726000308990479,1.1733499765396118,1.1740000247955322,0,0,0,0
2025-08-26 15:00:00+00:00,1.1734999418258667,1.1743500232696533,1.172950029373169,1.1734000444412231,272,1.1733099699020386,0.00022997856140150041,1.1750119948387145,9.599924087511091e-05,-0.0017020249366759277,52.90976727817305,0.19093729033360773,1.1723999977111816,1.1720000505447388,1.174299955368042,1.1733499765396118,1,0,0,0
2025-08-26 16:00:00+00:00,1.17330002784729,1.1740000247955322,1.173200011253357,1.1735999584197998,0,1.1732499837875365,-5.998611450208635e-05,1.1750949954986571,8.300065994260031e-05,-0.0018450117111206144,52.00456071266296,-0.9052065655100918,1.172950029373169,1.1723999977111816,1.1743500232696533,1.174299955368042,0,0,0,0
2025-08-26 17:00:00+00:00,1.1719499826431274,1.173050045967102,1.1719499826431274,1.1728999614715576,2266,1.1730899810791016,-0.00016000270843496978,1.1751719951629638,7.699966430663174e-05,-0.002082014083862216,46.24998543373842,-5.754575278924534,1.173200011253357,1.172950029373169,1.1740000247955322,1.1743500232696533,0,0,0,0
2025-08-26 18:00:00+00:00,1.1722999811172485,1.1726499795913696,1.1714999675750732,1.1718499660491943,300,1.1728999853134154,-0.00018999576568612397,1.175018994808197,-0.00015300035476673024,-0.0021190094947816096,47.86077547162298,1.6107900378845557,1.1719499826431274,1.173200011253357,1.173050045967102,1.1740000247955322,0,0,0,0
2025-08-26 19:00:00+00:00,1.1720999479293823,1.1727999448776245,1.1720999479293823,1.1723500490188599,24,1.172629976272583,-0.00027000904083251953,1.174870994091034,-0.00014800071716303265,-0.0022410178184510965,46.99396720041174,-0.8668082712112408,1.1714999675750732,1.1719499826431274,1.1726499795913696,1.173050045967102,0,0,0,0
2025-08-26 20:00:00+00:00,1.1722999811172485,1.1722999811172485,1.1714999675750732,1.1716500520706177,37,1.1723899841308594,-0.000239992141723544,1.1747109937667846,-0.0001600003242494541,-0.0023210096359251864,48.00802867466773,1.014061474255989,1.1720999479293823,1.1714999675750732,1.1727999448776245,1.1726499795913696,0,0,0,0
2025-08-26 22:00:00+00:00,1.1722999811172485,1.1723999977111816,1.1722999811172485,1.1723999977111816,0,1.172189974784851,-0.0002000093460083896,1.1745119929313659,-0.0001990008354186834,-0.0023220181465148926,48.00802867466773,0.0,1.1714999675750732,1.1720999479293823,1.1722999811172485,1.1727999448776245,0,0,0,0
2025-08-26 23:00:00+00:00,1.1718499660491943,1.1720999479293823,1.1718499660491943,1.1720999479293823,30,1.1721699714660645,-2.0003318786487867e-05,1.1743389916419984,-0.00017300128936748038,-0.0021690201759339,45.72562229078502,-2.2824063838827087,1.1722999811172485,1.1714999675750732,1.1723999977111816,1.1722999811172485,0,0,0,0
2025-08-27 00:00:00+00:00,1.1714999675750732,1.1715500354766846,1.1714999675750732,1.1715500354766846,6,1.1720099687576293,-0.00016000270843519182,1.1741679906845093,-0.00017100095748912025,-0.0021580219268799716,43.974549197144775,-1.7510730936402439,1.1718499660491943,1.1722999811172485,1.1720999479293823,1.1723999977111816,0,0,0,0
2025-08-27 01:00:00+00:00,1.1714999675750732,1.1720000505447388,1.1713999509811401,1.1719499826431274,8,1.1718899726867675,-0.000119996070861772,1.1739909911155701,-0.00017699956893912905,-0.0021010184288026146,43.974549197144775,0.0,1.1714999675750732,1.1718499660491943,1.1715500354766846,1.1720999479293823,1,0,0,0
2025-08-27 02:00:00+00:00,1.1710000038146973,1.1710000038146973,1.17044997215271,1.1709500551223755,21,1.1716299772262573,-0.0002599954605102539,1.1738229918479919,-0.0001679992675782671,-0.0021930146217346014,41.351095454237864,-2.6234537429069107,1.1713999509811401,1.1714999675750732,1.1720000505447388,1.1715500354766846,0,0,0,0
2025-08-27 03:00:00+00:00,1.170799970626831,1.1711499691009521,1.1705000400543213,1.1711499691009521,14,1.1713299751281738,-0.0003000020980834517,1.1736569905281067,-0.00016600131988520062,-0.0023270153999328524,40.31479733558709,-1.0362981186507767,1.17044997215271,1.1713999509811401,1.1710000038146973,1.1720000505447388,0,0,0,0
2025-08-27 04:00:00+00:00,1.1691999435424805,1.169700026512146,1.1691999435424805,1.1694999933242798,13,1.170799970626831,-0.0005300045013427734,1.1734859895706178,-0.0001710009574888982,-0.0026860189437867277,33.15695278055328,-7.157844555033805,1.1705000400543213,1.17044997215271,1.1711499691009521,1.1710000038146973,0,0,0,0
2025-08-27 05:00:00+00:00,1.1697499752044678,1.1697499752044678,1.169700026512146,1.169700026512146,2,1.17044997215271,-0.00034999847412109375,1.1733289885520934,-0.00015700101852433868,-0.0028790163993834827,37.279559623893206,4.122606843339923,1.1691999435424805,1.1705000400543213,1.169700026512146,1.1711499691009521,0,0,0,0
2025-08-27 06:00:00+00:00,1.169700026512146,1.1701500415802002,1.1693999767303467,1.1699999570846558,28,1.1700899839401244,-0.00035998821258553804,1.173162989616394,-0.0001659989356994629,-0.003073005676269558,37.05605015766833,-0.22350946622487555,1.169700026512146,1.1691999435424805,1.1697499752044678,1.169700026512146,0,0,0,0
2025-08-27 07:00:00+00:00,1.1682499647140503,1.169450044631958,1.1676000356674194,1.169450044631958,81,1.1695399761199952,-0.0005500078201292613,1.1729509878158568,-0.00021200180053715378,-0.0034110116958616654,31.206558833456683,-5.849491324211648,1.1693999767303467,1.169700026512146,1.1701500415802002,1.1697499752044678,0,0,0,0
2025-08-27 08:00:00+00:00,1.166599988937378,1.1682000160217285,1.1656500101089478,1.1682000160217285,162,1.1686999797821045,-0.0008399963378906694,1.1727089881896973,-0.0002419996261595614,-0.0040090084075927734,26.14852322283288,-5.058035610623804,1.1676000356674194,1.1693999767303467,1.169450044631958,1.1701500415802002,0,0,0,0
2025-08-27 09:00:00+00:00,1.1670000553131104,1.1672999858856201,1.1665500402450562,1.166700005531311,173,1.1682600021362304,-0.00043997764587411226,1.1724909901618958,-0.00021799802780142485,-0.004230988025665461,29.14721675567327,2.9986935328403916,1.1656500101089478,1.1676000356674194,1.1682000160217285,1.169450044631958,0,0,0,0
2025-08-27 10:00:00+00:00,1.1660000085830688,1.1668000221252441,1.1660000085830688,1.1668000221252441,82,1.1675100088119508,-0.0007499933242796075,1.172216989994049,-0.000274000167846733,-0.004706981182098335,26.27517087431724,-2.87204588135603,1.1665500402450562,1.1656500101089478,1.1672999858856201,1.1682000160217285,0,0,0,0
2025-08-27 11:00:00+00:00,1.166450023651123,1.1668000221252441,1.1655000448226929,1.165850043296814,143,1.166860008239746,-0.0006500005722047675,1.1719869899749755,-0.00023000001907358403,-0.005126981735229519,29.63518629093609,3.3600154166188503,1.1660000085830688,1.1665500402450562,1.1668000221252441,1.1672999858856201,0,1,0,0
2025-08-27 12:00:00+00:00,1.166450023651123,1.167549967765808,1.1663999557495117,1.1665500402450562,465,1.1665000200271607,-0.000359988212585316,1.1717469906806945,-0.00023999929428097921,-0.005246970653533856,29.63518629093609,0.0,1.1655000448226929,1.1660000085830688,1.1668000221252441,1.1668000221252441,0,0,0,0
2025-08-27 13:00:00+00:00,1.1677500009536743,1.1680999994277954,1.166450023651123,1.166700005531311,238,1.16673002243042,0.00023000240325932175,1.171556990146637,-0.00019000053405759942,-0.0048269677162169344,38.955901910977154,9.320715620041064,1.1663999557495117,1.1655000448226929,1.167549967765808,1.1668000221252441,0,0,0,0
2025-08-27 14:00:00+00:00,1.1670500040054321,1.1676499843597412,1.1661499738693237,1.1676000356674194,482,1.1667400121688842,9.989738464222242e-06,1.1713619899749756,-0.00019500017166129702,-0.004621977806091415,36.17701124125566,-2.7788906697214912,1.166450023651123,1.1663999557495117,1.1680999994277954,1.167549967765808,0,0,0,0
2025-08-27 15:00:00+00:00,1.1689499616622925,1.1690499782562256,1.167099952697754,1.167099952697754,280,1.167330002784729,0.0005899906158448598,1.1711789894104003,-0.00018300056457531966,-0.0038489866256712357,47.18877524510864,11.011764003852974,1.1661499738693237,1.166450023651123,1.1676499843597412,1.1680999994277954,0,0,0,0
2025-08-27 16:00:00+00:00,1.1717000007629395,1.1717000007629395,1.1690000295639038,1.1690000295639038,110,1.1683799982070924,0.0010499954223632812,1.1710529899597169,-0.0001259994506834783,-0.002672991752624476,58.3817028359765,11.19292759086786,1.167099952697754,1.1661499738693237,1.1690499782562256,1.1676499843597412,0,0,0,0
2025-08-27 17:00:00+00:00,1.1717000007629395,1.1720000505447388,1.1712000370025635,1.1717000007629395,75,1.1694299936294557,0.0010499954223632812,1.1709269905090331,-0.00012599945068370033,-0.0014969968795774946,58.3817028359765,0.0,1.1690000295639038,1.167099952697754,1.1717000007629395,1.1690499782562256,1,0,0,0
2025-08-27 18:00:00+00:00,1.1709500551223755,1.1715500354766846,1.1706500053405762,1.1715500354766846,116,1.1700700044631958,0.0006400108337401011,1.1708039927482605,-0.00012299776077262514,-0.0007339882850647683,54.71414196463845,-3.667560871338047,1.1712000370025635,1.1690000295639038,1.1720000505447388,1.1717000007629395,0,0,0,0
2025-08-27 19:00:00+00:00,1.1712499856948853,1.1713500022888184,1.1708999872207642,1.1709500551223755,18,1.1709100008010864,0.0008399963378906694,1.1707329916954041,-7.10010528564009e-05,0.000177009105682302,55.90715270059897,1.1930107359605202,1.1706500053405762,1.1712000370025635,1.1715500354766846,1.1720000505447388,0,0,0,0
2025-08-27 20:00:00+00:00,1.1713999509811401,1.1713999509811401,1.171049952507019,1.1712499856948853,57,1.171399998664856,0.0004899978637695757,1.1706879901885987,-4.500150680541992e-05,0.0007120084762572976,56.52387166152807,0.6167189609290986,1.1708999872207642,1.1706500053405762,1.1713500022888184,1.1715500354766846,0,0,0,0
2025-08-27 22:00:00+00:00,1.1719499826431274,1.1719499826431274,1.1713999509811401,1.1714999675750732,0,1.1714499950408936,4.9996376037642065e-05,1.1706739902496337,-1.3999938965003622e-05,0.0007760047912599433,58.80000625385072,2.2761345923226486,1.171049952507019,1.1708999872207642,1.1713999509811401,1.1713500022888184,0,0,0,0
2025-08-27 23:00:00+00:00,1.1720000505447388,1.1720000505447388,1.1719499826431274,1.1719499826431274,3,1.1715100049972533,6.0009956359685646e-05,1.1707129907608032,3.900051116945136e-05,0.0007970142364501775,59.01037316261428,0.2103669087635609,1.1713999509811401,1.171049952507019,1.1719499826431274,1.1713999509811401,1,0,0,0
2025-08-28 00:00:00+00:00,1.1720499992370605,1.1721500158309937,1.1719000339508057,1.1721500158309937,14,1.1717299938201904,0.00021998882293705613,1.1707729911804199,6.0000419616734746e-05,0.0009570026397704989,59.234001981539066,0.22362881892478725,1.1719499826431274,1.1713999509811401,1.1720000505447388,1.1719499826431274,0,0,0,0
2025-08-28 01:00:00+00:00,1.1719000339508057,1.1725499629974365,1.1717000007629395,1.1725000143051147,20,1.1718600034713744,0.00013000965118403762,1.1708089923858642,3.600120544433594e-05,0.0010510110855102006,58.20721134373262,-1.0267906378064495,1.1719000339508057,1.1719499826431274,1.1721500158309937,1.1720000505447388,0,0,0,0
2025-08-28 02:00:00+00:00,1.1726499795913696,1.172950029373169,1.1723500490188599,1.1723500490188599,35,1.1721100091934205,0.00025000572204603166,1.1708639931678773,5.500078201303715e-05,0.0012460160255431951,61.77562313925124,3.568411795518621,1.1717000007629395,1.1719000339508057,1.1725499629974365,1.1721500158309937,0,0,0,0
2025-08-28 03:00:00+00:00,1.1718499660491943,1.1729999780654907,1.1718499660491943,1.1727499961853027,28,1.1720900058746337,-2.000331878670991e-05,1.170909993648529,4.6000480651731124e-05,0.001180012226104754,56.25732766312405,-5.518295476127186,1.1723500490188599,1.1717000007629395,1.172950029373169,1.1725499629974365,0,0,0,0
2025-08-28 04:00:00+00:00,1.1715500354766846,1.1718000173568726,1.1715500354766846,1.1715500354766846,19,1.172000002861023,-9.000301361083984e-05,1.1708719944953918,-3.7999153137180386e-05,0.0011280083656310946,54.298989684567594,-1.9583379785564574,1.1718499660491943,1.1723500490188599,1.1729999780654907,1.172950029373169,0,0,0,0
2025-08-28 05:00:00+00:00,1.1713999509811401,1.1715999841690063,1.1713000535964966,1.1715999841690063,49,1.1718699932098389,-0.00013000965118403762,1.1708709931373595,-1.0013580322709714e-06,0.000999000072479328,53.29915398316045,-0.9998357014071431,1.1715500354766846,1.1718499660491943,1.1718000173568726,1.1729999780654907,0,0,0,0
2025-08-28 06:00:00+00:00,1.1717000007629395,1.1720000505447388,1.1710000038146973,1.1712499856948853,22,1.1718299865722657,-4.000663757319778e-05,1.1708699941635132,-9.98973846311202e-07,0.0009599924087524414,55.079970175756635,1.780816192596184,1.1713000535964966,1.1715500354766846,1.1715999841690063,1.1718000173568726,0,0,0,0
2025-08-28 07:00:00+00:00,1.1713000535964966,1.1725000143051147,1.1710000038146973,1.1719499826431274,74,1.171560001373291,-0.0002699851989746982,1.1708799958229066,1.0001659393354956e-05,0.0006800055503843883,52.22147493220741,-2.8584952435492283,1.1710000038146973,1.1713000535964966,1.1720000505447388,1.1715999841690063,0,0,0,0
2025-08-28 08:00:00+00:00,1.1717499494552612,1.1718499660491943,1.1707500219345093,1.1708999872207642,67,1.1715399980545045,-2.0003318786487867e-05,1.1708959937095642,1.5997886657626026e-05,0.0006440043449402744,55.04759594984891,2.826121017641505,1.1710000038146973,1.1710000038146973,1.1725000143051147,1.1720000505447388,0,1,0,0
2025-08-28 09:00:00+00:00,1.1726000308990479,1.1728999614715576,1.1720999479293823,1.1720999479293823,611,1.171749997138977,0.00020999908447261184,1.1709069943428039,1.1000633239666158e-05,0.00084300279617322,59.87691162270765,4.8293156728587405,1.1707500219345093,1.1710000038146973,1.1718499660491943,1.1725000143051147,0,0,0,0
2025-08-28 10:00:00+00:00,1.1747000217437744,1.1750500202178955,1.1727999448776245,1.1727999448776245,250,1.172410011291504,0.0006600141525268111,1.1709889936447144,8.199930191055138e-05,0.0014210176467894797,68.79542538526147,8.918513762553815,1.1720999479293823,1.1707500219345093,1.1728999614715576,1.1718499660491943,0,0,0,0
2025-08-28 11:00:00+00:00,1.1741000413894653,1.1748499870300293,1.173799991607666,1.174649953842163,53,1.172890019416809,0.00048000812530513137,1.171071994304657,8.300065994260031e-05,0.0018180251121520108,64.3915850935796,-4.403840291681874,1.1727999448776245,1.1720999479293823,1.1750500202178955,1.1728999614715576,0,0,0,0
2025-08-28 12:00:00+00:00,1.1745500564575195,1.176200032234192,1.173949956893921,1.1744999885559082,2131,1.1735400199890136,0.0006500005722045454,1.1711659955978393,9.400129318226647e-05,0.0023740243911742898,66.14225681113263,1.7506717175530326,1.173799991607666,1.1727999448776245,1.1748499870300293,1.1750500202178955,0,0,0,0
2025-08-28 13:00:00+00:00,1.1749000549316406,1.1749500036239624,1.1736500263214111,1.1743500232696533,67,1.1741700410842895,0.0006300210952758789,1.1712179970741272,5.200147628792173e-05,0.002952044010162247,67.48134277214142,1.3390859610087915,1.173949956893921,1.173799991607666,1.176200032234192,1.1748499870300293,0,0,0,0
2025-08-28 14:00:00+00:00,1.1747499704360962,1.1761499643325806,1.1744999885559082,1.1749999523162842,157,1.1746000289916991,0.00042998790740966797,1.171265995502472,4.799842834479762e-05,0.0033340334892271173,66.2709453818783,-1.210397390263111,1.1736500263214111,1.173949956893921,1.1749500036239624,1.176200032234192,0,0,0,0
2025-08-28 15:00:00+00:00,1.1748499870300293,1.1750500202178955,1.1740000247955322,1.1746000051498413,237,1.1746300220489503,2.9993057251154198e-05,1.1712909960746765,2.5000572204447735e-05,0.0033390259742738237,66.69960693848039,0.42866155660207994,1.1744999885559082,1.1736500263214111,1.1761499643325806,1.1749500036239624,0,0,0,0
2025-08-28 16:00:00+00:00,1.1765999794006348,1.1765999794006348,1.1753000020980835,1.1753000020980835,99,1.175130009651184,0.0004999876022337979,1.171367995738983,7.699966430663174e-05,0.00376201391220099,73.13345698305281,6.433850044572424,1.1740000247955322,1.1744999885559082,1.1750500202178955,1.1761499643325806,0,0,0,0
2025-08-28 17:00:00+00:00,1.1764500141143799,1.177299976348877,1.1763499975204468,1.1770000457763672,1592,1.175510001182556,0.0003799915313720259,1.1714319968223572,6.400108337412114e-05,0.004078004360198895,71.85230240542842,-1.2811545776243918,1.1753000020980835,1.1740000247955322,1.1765999794006348,1.1750500202178955,1,0,0,0
2025-08-28 18:00:00+00:00,1.176550030708313,1.176550030708313,1.1761499643325806,1.1764500141143799,54,1.1758399963378907,0.0003299951553346059,1.1714939975738525,6.200075149531692e-05,0.004345998764038184,72.20205752865567,0.3497551232272542,1.1763499975204468,1.1753000020980835,1.177299976348877,1.1765999794006348,0,0,0,0
2025-08-28 19:00:00+00:00,1.176300048828125,1.176550030708313,1.1761499643325806,1.176550030708313,415,1.1761500120162964,0.0003100156784057173,1.1715499997138976,5.600214004508608e-05,0.004600012302398815,69.86535082005594,-2.336706708599735,1.1761499643325806,1.1763499975204468,1.176550030708313,1.177299976348877,0,0,0,0
2025-08-28 20:00:00+00:00,1.1755000352859497,1.1757999658584595,1.1755000352859497,1.1757999658584595,1989,1.1762800216674805,0.00013000965118403762,1.171593999862671,4.4000148773370995e-05,0.0046860218048094815,62.85459043155986,-7.010760388496074,1.1761499643325806,1.1761499643325806,1.176550030708313,1.176550030708313,0,0,0,0
2025-08-28 22:00:00+00:00,1.1749999523162842,1.1755499839782715,1.1749000549316406,1.1755499839782715,0,1.1759600162506103,-0.0003200054168701616,1.171654999256134,6.099939346304595e-05,0.004305016994476274,58.87735773124047,-3.977232700319391,1.1755000352859497,1.1761499643325806,1.1757999658584595,1.176550030708313,0,0,0,0
2025-08-28 23:00:00+00:00,1.1753000020980835,1.1754000186920166,1.1753000020980835,1.1754000186920166,7,1.175730013847351,-0.00023000240325932175,1.1717149996757508,6.0000419616734746e-05,0.0040150141716002175,60.49267401190883,1.6153162806683596,1.1749000549316406,1.1755000352859497,1.1755499839782715,1.1757999658584595,0,0,0,0
2025-08-29 00:00:00+00:00,1.1757999658584595,1.1757999658584595,1.1757999658584595,1.1757999658584595,2,1.1755800008773805,-0.0001500129699705255,1.1717890000343323,7.400035858151632e-05,0.0037910008430481756,63.09404840160397,2.6013743896951382,1.1753000020980835,1.1749000549316406,1.1754000186920166,1.1755499839782715,0,0,0,0
2025-08-29 01:00:00+00:00,1.173449993133545,1.1750999689102173,1.173449993133545,1.1750999689102173,38,1.1750099897384643,-0.0005700111389161933,1.1718120002746581,2.3000240325865562e-05,0.003197989463806117,47.32174958111466,-15.772298820489311,1.1757999658584595,1.1753000020980835,1.1757999658584595,1.1754000186920166,0,0,0,0
2025-08-29 02:00:00+00:00,1.1735999584197998,1.1741000413894653,1.1735999584197998,1.1735999584197998,14,1.1746299743652344,-0.00038001537322984724,1.1718379998207091,2.5999546050980982e-05,0.0027919745445252886,48.21146845075986,0.8897188696452005,1.173449993133545,1.1757999658584595,1.1750999689102173,1.1757999658584595,0,0,0,0
2025-08-29 03:00:00+00:00,1.1740000247955322,1.1740000247955322,1.1735999584197998,1.1736500263214111,35,1.174429988861084,-0.00019998550415034622,1.171881000995636,4.300117492683775e-05,0.0025489878654481046,50.60811007428863,2.3966416235287724,1.1735999584197998,1.173449993133545,1.1741000413894653,1.1750999689102173,0,0,0,0
2025-08-29 04:00:00+00:00,1.174049973487854,1.174049973487854,1.173449993133545,1.173799991607666,46,1.174179983139038,-0.00025000572204603166,1.1719320011138916,5.100011825565076e-05,0.002247982025146422,50.91353747081408,0.30542739652544526,1.1735999584197998,1.1735999584197998,1.1740000247955322,1.1741000413894653,0,0,0,0
2025-08-29 05:00:00+00:00,1.1742500066757202,1.1742500066757202,1.173699975013733,1.173699975013733,6,1.1738699913024901,-0.00030999183654789597,1.1719870018959044,5.500078201281511e-05,0.0018829894065857111,52.18864272568982,1.27510525487574,1.173449993133545,1.1735999584197998,1.174049973487854,1.1740000247955322,0,0,0,0
2025-08-29 06:00:00+00:00,1.1744999885559082,1.1745500564575195,1.1738500595092773,1.1742000579833984,58,1.174079990386963,0.00020999908447283389,1.1720570015907288,6.999969482435198e-05,0.002022988796234193,53.80368103660686,1.6150383109170434,1.173699975013733,1.173449993133545,1.1742500066757202,1.174049973487854,0,0,0,0
2025-08-29 07:00:00+00:00,1.1753000020980835,1.1753000020980835,1.1739000082015991,1.1748000383377075,45,1.1744199991226196,0.00034000873565664946,1.1721470022201539,9.000062942510212e-05,0.0022729969024657404,58.620998371925516,4.817317335318656,1.1738500595092773,1.173699975013733,1.1745500564575195,1.1742500066757202,0,0,0,0
2025-08-29 08:00:00+00:00,1.1749500036239624,1.1762499809265137,1.1747499704360962,1.1748499870300293,582,1.1746099948883058,0.00018999576568612397,1.1722620034217834,0.00011500120162954985,0.0023479914665223145,55.87579155312114,-2.745206818804377,1.1739000082015991,1.1738500595092773,1.1753000020980835,1.1745500564575195,0,0,0,0
2025-08-29 09:00:00+00:00,1.1750500202178955,1.1756000518798828,1.1744999885559082,1.1751500368118286,362,1.174810004234314,0.00020000934600816755,1.172368004322052,0.00010600090026846587,0.002441999912262016,56.50265820741733,0.6268666542961938,1.1747499704360962,1.1739000082015991,1.1762499809265137,1.1753000020980835,0,0,0,0
2025-08-29 10:00:00+00:00,1.1744999885559082,1.1745500564575195,1.1744500398635864,1.1744500398635864,249,1.1748600006103516,4.9996376037642065e-05,1.1724640035629272,9.599924087533296e-05,0.0023959970474243253,52.11752922321997,-4.385128984197365,1.1744999885559082,1.1747499704360962,1.1756000518798828,1.1762499809265137,0,0,0,0
2025-08-29 11:00:00+00:00,1.1740000247955322,1.174399971961975,1.173699975013733,1.174399971961975,115,1.1747600078582763,-9.999275207528413e-05,1.1725790047645568,0.00011500120162954985,0.0021810030937194913,48.43766172325676,-3.6798674999632084,1.1744500398635864,1.1744999885559082,1.1745500564575195,1.1756000518798828,0,0,0,0
2025-08-29 12:00:00+00:00,1.1733499765396118,1.1740000247955322,1.1727999448776245,1.1735999584197998,8747,1.174370002746582,-0.00039000511169429153,1.1727140045166016,0.00013499975204478432,0.0016559982299804155,44.07974258638679,-4.357919136869967,1.173699975013733,1.1744500398635864,1.174399971961975,1.1745500564575195,0,1,0,0
2025-08-29 13:00:00+00:00,1.174399971961975,1.1748000383377075,1.1729999780654907,1.1735999584197998,4032,1.1742599964141847,-0.00011000633239732771,1.1728620028495789,0.00014799833297729492,0.0013979935646057928,51.64711158553904,7.567368999152244,1.1727999448776245,1.173699975013733,1.1740000247955322,1.174399971961975,0,0,0,0
2025-08-29 14:00:00+00:00,1.1780500411987305,1.1780500411987305,1.1746000051498413,1.1746000051498413,1031,1.1748600006103516,0.0006000041961669034,1.1731030035018921,0.00024100065231325019,0.001756997108459446,67.90617711317157,16.25906552763253,1.1729999780654907,1.1727999448776245,1.1748000383377075,1.1740000247955322,0,0,0,0
2025-08-29 15:00:00+00:00,1.1770999431610107,1.1784000396728516,1.1770999431610107,1.1780500411987305,5585,1.175379991531372,0.0005199909210205078,1.1733160018920898,0.00021299839019772726,0.0020639896392822266,62.0567394821835,-5.849437630988064,1.1746000051498413,1.1729999780654907,1.1780500411987305,1.1748000383377075,1,0,0,0
2025-08-29 16:00:00+00:00,1.1777499914169312,1.1782499551773071,1.177150011062622,1.177150011062622,430,1.176129984855652,0.0007499933242798296,1.173542001247406,0.00022599935531619764,0.0025879836082458585,64.32125971238001,2.26452023019651,1.1770999431610107,1.1746000051498413,1.1784000396728516,1.1780500411987305,0,0,0,0
2025-08-29 17:00:00+00:00,1.1771999597549438,1.1777499914169312,1.1771999597549438,1.1777499914169312,49,1.1768999814987182,0.0007699966430663174,1.1737310004234314,0.00018899917602532845,0.0031689810752868475,61.00365825976588,-3.3176014526141344,1.177150011062622,1.1770999431610107,1.1782499551773071,1.1784000396728516,0,0,0,0
2025-08-29 18:00:00+00:00,1.17739999294281,1.17739999294281,1.1768499612808228,1.1772500276565552,786,1.1774999856948853,0.0006000041961671254,1.1739380002021789,0.00020699977874749642,0.0035619854927064765,61.77581759388408,0.7721593341182,1.1771999597549438,1.177150011062622,1.1777499914169312,1.1782499551773071,0,0,0,0
2025-08-29 19:00:00+00:00,1.1773500442504883,1.1775000095367432,1.1769499778747559,1.1773500442504883,60,1.1773599863052369,-0.0001399993896484819,1.1741060018539429,0.00016800165176400483,0.0032539844512939897,61.44862611465586,-0.3271914792282189,1.1768499612808228,1.1771999597549438,1.17739999294281,1.1777499914169312,0,0,0,0
2025-08-29 20:00:00+00:00,1.1761499643325806,1.177549958229065,1.1757999658584595,1.177549958229065,78,1.1771699905395507,-0.00018999576568612397,1.1741950011253357,8.899927139283115e-05,0.0029749894142150346,54.042521891426354,-7.406104223229505,1.1769499778747559,1.1768499612808228,1.1775000095367432,1.17739999294281,0,0,0,0
2025-09-02 04:00:00+00:00,1.1766999959945679,1.1796499490737915,1.1763999462127686,1.1796499490737915,1786,1.1769599914550781,-0.00020999908447261184,1.1742950010299682,9.99999046324973e-05,0.0026649904251099255,56.6229954038642,2.580473512437848,1.1757999658584595,1.1769499778747559,1.177549958229065,1.1775000095367432,1,0,0,0
2025-09-02 05:00:00+00:00,1.176900029182434,1.177049994468689,1.1762499809265137,1.1770000457763672,954,1.1769000053405763,-5.998611450186431e-05,1.1744140005111694,0.00011899948120119852,0.0024860048294068626,57.556367497023444,0.9333720931592424,1.1763999462127686,1.1757999658584595,1.1796499490737915,1.177549958229065,0,0,0,0
2025-09-02 06:00:00+00:00,1.1777499914169312,1.1780500411987305,1.1770000457763672,1.1770000457763672,308,1.1769700050354004,6.999969482412993e-05,1.1745440006256103,0.00013000011444086468,0.002426004409790128,61.360925627068525,3.8045581300450806,1.1762499809265137,1.1763999462127686,1.177049994468689,1.1796499490737915,0,0,0,0
2025-09-02 07:00:00+00:00,1.1719000339508057,1.1780500411987305,1.1717499494552612,1.1777499914169312,3235,1.175880002975464,-0.001090002059936479,1.1745540022850036,1.0001659393354956e-05,0.001326000690460294,36.86670028200628,-24.494225345062247,1.1770000457763672,1.1762499809265137,1.1780500411987305,1.177049994468689,0,0,0,0
2025-09-02 08:00:00+00:00,1.1718499660491943,1.172950029373169,1.1708999872207642,1.1719000339508057,350,1.1750200033187865,-0.0008599996566773793,1.174552001953125,-2.0003318785821733e-06,0.00046800136566149675,36.73155450481297,-0.13514577719330845,1.1717499494552612,1.1770000457763672,1.1780500411987305,1.1780500411987305,0,0,0,0
2025-09-02 09:00:00+00:00,1.1711000204086304,1.1721999645233154,1.1698499917984009,1.1721999645233154,2901,1.1739000082015991,-0.0011199951171874112,1.1745340013504029,-1.800060272216797e-05,-0.0006339931488037465,34.68080569400692,-2.0507488108060485,1.1708999872207642,1.1717499494552612,1.172950029373169,1.1780500411987305,0,0,0,0
2025-09-02 10:00:00+00:00,1.170549988746643,1.1714500188827515,1.1700999736785889,1.1709500551223755,1650,1.172630000114441,-0.0012700080871581587,1.1745040011405945,-3.0000209808367373e-05,-0.0018740010261535378,33.216054719368856,-1.464750974638065,1.1698499917984009,1.1708999872207642,1.1721999645233154,1.172950029373169,0,0,0,0
2025-09-02 11:00:00+00:00,1.1720999479293823,1.1723500490188599,1.170199990272522,1.1707500219345093,782,1.171499991416931,-0.0011300086975098989,1.174507999420166,3.998279571426622e-06,-0.0030080080032348633,40.80338122368422,7.587326504315364,1.1700999736785889,1.1698499917984009,1.1714500188827515,1.1721999645233154,0,0,0,0
2025-09-02 12:00:00+00:00,1.1693999767303467,1.1726499795913696,1.1686999797821045,1.1720000505447388,5128,1.1709999799728394,-0.0005000114440916192,1.1744429993629455,-6.500005722043234e-05,-0.00344301939010605,33.63485586032223,-7.1685253633619865,1.170199990272522,1.1700999736785889,1.1723500490188599,1.1714500188827515,0,1,0,0
2025-09-02 13:00:00+00:00,1.1723500490188599,1.1725000143051147,1.1690499782562256,1.1691499948501587,1183,1.1710999965667725,0.00010001659393310547,1.1744530010223388,1.0001659393354956e-05,-0.0033530044555662997,45.003896171573544,11.369040311251311,1.1686999797821045,1.170199990272522,1.1726499795913696,1.1723500490188599,0,0,0,0
2025-09-02 14:00:00+00:00,1.1736500263214111,1.1756500005722046,1.1726499795913696,1.1726499795913696,5666,1.1716099977493286,0.0005100011825560635,1.1744950008392334,4.199981689456678e-05,-0.002885003089904803,49.138736153658336,4.134839982084792,1.1690499782562256,1.1686999797821045,1.1725000143051147,1.1726499795913696,0,0,0,0
2025-09-02 15:00:00+00:00,1.1726000308990479,1.1742000579833984,1.1724499464035034,1.1736500263214111,595,1.1720200061798096,0.00041000843048100144,1.1745190024375916,2.4001598358136533e-05,-0.002498996257781938,46.12243088948267,-3.0163052641756636,1.1726499795913696,1.1690499782562256,1.1756500005722046,1.1725000143051147,0,0,0,0
2025-09-02 16:00:00+00:00,1.1717499494552612,1.1728500127792358,1.1717499494552612,1.1727499961853027,262,1.1719500064849853,-6.999969482435198e-05,1.174520001411438,9.989738465332465e-07,-0.0025699949264528232,43.77939531580931,-2.3430355736733617,1.1724499464035034,1.1726499795913696,1.1742000579833984,1.1756500005722046,0,0,0,0
2025-09-02 17:00:00+00:00,1.1715500354766846,1.1721500158309937,1.1715500354766846,1.1717499494552612,3280,1.172380018234253,0.00043001174926771135,1.1745250010490418,4.999637603697593e-06,-0.0021449828147888095,43.2232966024729,-0.5560987133364108,1.1717499494552612,1.1724499464035034,1.1728500127792358,1.1742000579833984,0,0,0,0
2025-09-02 18:00:00+00:00,1.1707500219345093,1.1715500354766846,1.1703499555587769,1.1714999675750732,2812,1.1720600128173828,-0.0003200054168701616,1.1745050024986268,-1.9998550415012417e-05,-0.0024449896812439587,40.979969408725786,-2.2433271937471133,1.1715500354766846,1.1717499494552612,1.1721500158309937,1.1728500127792358,0,0,0,0
2025-09-02 19:00:00+00:00,1.1714500188827515,1.1714500188827515,1.1706000566482544,1.170799970626831,407,1.1716200113296509,-0.0004400014877319336,1.1744820022583007,-2.3000240326087606e-05,-0.0028619909286498046,43.73179730274126,2.7518278940154772,1.1703499555587769,1.1715500354766846,1.1715500354766846,1.1721500158309937,0,0,0,0
2025-09-02 20:00:00+00:00,1.1713999509811401,1.1717499494552612,1.1712499856948853,1.1713999509811401,140,1.1713799953460693,-0.00024001598358158738,1.1744160008430482,-6.600141525248127e-05,-0.0030360054969789108,43.575298817211404,-0.156498485529859,1.1706000566482544,1.1703499555587769,1.1714500188827515,1.1715500354766846,0,0,0,0
2025-09-02 22:00:00+00:00,1.1710000038146973,1.1715500354766846,1.1710000038146973,1.1713500022888184,0,1.1712300062179566,-0.00014998912811270415,1.1743540000915527,-6.200075149553896e-05,-0.003123993873596076,42.273892330534544,-1.3014064866768607,1.1712499856948853,1.1706000566482544,1.1717499494552612,1.1714500188827515,0,0,0,0
2025-09-02 23:00:00+00:00,1.1706500053405762,1.171049952507019,1.1706000566482544,1.171049952507019,53,1.171050000190735,-0.0001800060272216797,1.1742759990692138,-7.800102233890271e-05,-0.003225998878478853,41.11661315820003,-1.157279172334512,1.1710000038146973,1.1712499856948853,1.1715500354766846,1.1717499494552612,0,0,0,0
2025-09-03 00:00:00+00:00,1.1706000566482544,1.1709500551223755,1.170199990272522,1.1705000400543213,56,1.171020007133484,-2.9993057250932154e-05,1.174189999103546,-8.599996566771573e-05,-0.0031699919700620693,40.94434599825576,-0.1722671599442691,1.1706000566482544,1.1710000038146973,1.171049952507019,1.1715500354766846,0,0,0,0
2025-09-03 01:00:00+00:00,1.1702500581741333,1.170699954032898,1.1698999404907227,1.170699954032898,147,1.1707800149917602,-0.00023999214172376604,1.174100000858307,-8.999824523914235e-05,-0.003319985866546693,39.689508208291954,-1.2548377899638083,1.170199990272522,1.1706000566482544,1.1709500551223755,1.171049952507019,0,0,0,0
2025-09-03 02:00:00+00:00,1.1699999570846558,1.170799970626831,1.1697499752044678,1.170300006866455,91,1.1705000162124635,-0.0002799987792967418,1.1740030002593995,-9.700059890738189e-05,-0.003502984046936053,38.77501652913229,-0.9144916791596671,1.1698999404907227,1.170199990272522,1.170699954032898,1.1709500551223755,0,0,0,0
2025-09-03 03:00:00+00:00,1.1696499586105347,1.170300006866455,1.1696499586105347,1.170300006866455,56,1.170230007171631,-0.00027000904083251953,1.1738639998435973,-0.0001390004158021707,-0.0036339926719664017,37.47374945728593,-1.301267071846354,1.1697499752044678,1.1698999404907227,1.170799970626831,1.170699954032898,0,0,0,0
2025-09-03 04:00:00+00:00,1.17044997215271,1.17044997215271,1.1698999404907227,1.1698999404907227,28,1.1701900005340575,-4.000663757341982e-05,1.173743999004364,-0.00012000083923324745,-0.003553998470306574,42.244875034471434,4.771125577185501,1.1696499586105347,1.1697499752044678,1.170300006866455,1.170799970626831,0,0,0,0
2025-09-03 05:00:00+00:00,1.1700999736785889,1.1707500219345093,1.169950008392334,1.1704000234603882,72,1.1700899839401244,-0.00010001659393310547,1.1736149978637695,-0.00012900114059455348,-0.003525013923645126,40.77883193378443,-1.4660431006870027,1.1698999404907227,1.1696499586105347,1.17044997215271,1.170300006866455,0,0,0,0
2025-09-03 06:00:00+00:00,1.1706000566482544,1.1715500354766846,1.170199990272522,1.170199990272522,237,1.1701599836349488,6.999969482435198e-05,1.173500998020172,-0.00011399984359750093,-0.003341014385223273,43.780878082452496,3.0020461486680645,1.169950008392334,1.1698999404907227,1.1707500219345093,1.17044997215271,0,0,0,0
2025-09-03 07:00:00+00:00,1.1707500219345093,1.1708500385284424,1.1683000326156616,1.1706500053405762,340,1.1703099966049195,0.00015001296997074753,1.1734059977531432,-9.500026702879971e-05,-0.003096001148223726,44.686413770597646,0.9055356881451502,1.170199990272522,1.169950008392334,1.1715500354766846,1.1707500219345093,0,1,0,0
2025-09-03 08:00:00+00:00,1.172950029373169,1.1729999780654907,1.1710000038146973,1.1710000038146973,264,1.1709700107574463,0.0006600141525268111,1.173364999294281,-4.0998458862295806e-05,-0.002394988536834619,55.90687036197476,11.220456591377115,1.1683000326156616,1.170199990272522,1.1708500385284424,1.1715500354766846,0,0,0,0
2025-09-03 09:00:00+00:00,1.172950029373169,1.1737500429153442,1.1726499795913696,1.173050045967102,1019,1.1714700222015382,0.0005000114440918413,1.1733179998397827,-4.699945449826437e-05,-0.0018479776382445134,55.90687036197477,7.105427357601002e-15,1.1710000038146973,1.1683000326156616,1.1729999780654907,1.1708500385284424,0,0,0,0
2025-09-03 10:00:00+00:00,1.1717000007629395,1.173050045967102,1.1713000535964966,1.1728500127792358,269,1.1717900276184081,0.00032000541686993955,1.1732360005378724,-8.199930191032934e-05,-0.0014459729194642446,49.31480902755231,-6.592061334422461,1.1726499795913696,1.1710000038146973,1.1737500429153442,1.1729999780654907,0,0,0,0
2025-09-03 11:00:00+00:00,1.1723999977111816,1.172700047492981,1.1713999509811401,1.1717499494552612,1481,1.1721500158309937,0.00035998821258553804,1.173215000629425,-2.099990844728339e-05,-0.0010649847984314231,52.679652456591135,3.364843429038828,1.1713000535964966,1.1726499795913696,1.173050045967102,1.1737500429153442,0,0,0,0
2025-09-03 12:00:00+00:00,1.1720999479293823,1.173200011253357,1.1718000173568726,1.1725000143051147,305,1.1724200010299684,0.0002699851989746982,1.1731850004196167,-3.0000209808367373e-05,-0.0007649993896483576,51.113264816578344,-1.5663876400127918,1.1713999509811401,1.1713000535964966,1.172700047492981,1.173050045967102,0,0,0,0
2025-09-03 13:00:00+00:00,1.1723500490188599,1.172700047492981,1.1711499691009521,1.1722500324249268,14404,1.1723000049591064,-0.00011999607086199404,1.1731520009040832,-3.299951553348279e-05,-0.0008519959449768688,52.384174292896404,1.2709094763180602,1.1718000173568726,1.1713999509811401,1.173200011253357,1.172700047492981,0,0,0,0
2025-09-03 14:00:00+00:00,1.173699975013733,1.1752500534057617,1.1727499961853027,1.1727499961853027,5597,1.1724499940872193,0.0001499891281129262,1.1731450009346007,-6.999969482501811e-06,-0.0006950068473814408,58.634978526877504,6.2508042339811,1.1711499691009521,1.1718000173568726,1.172700047492981,1.173200011253357,0,0,0,0
2025-09-03 15:00:00+00:00,1.1747000217437744,1.1755000352859497,1.1735999584197998,1.1736500263214111,4286,1.1730499982833862,0.0006000041961669034,1.1731540012359618,9.000301361083984e-06,-0.00010400295257562142,62.55651172698757,3.921533200110069,1.1727499961853027,1.1711499691009521,1.1752500534057617,1.172700047492981,1,0,0,0
2025-09-03 16:00:00+00:00,1.1748499870300293,1.1749500036239624,1.1740000247955322,1.1747000217437744,174,1.1735399961471558,0.0004899978637695757,1.1731610012054443,6.999969482501811e-06,0.0003789949417114524,63.12113057394872,0.564618846961146,1.1735999584197998,1.1727499961853027,1.1755000352859497,1.1752500534057617,0,0,0,0
2025-09-03 17:00:00+00:00,1.1734000444412231,1.1750500202178955,1.173200011253357,1.1749000549316406,3519,1.1738000154495238,0.00026001930236807524,1.1731230020523071,-3.7999153137180386e-05,0.0006770133972167081,54.555448533816154,-8.565682040132565,1.1740000247955322,1.1735999584197998,1.1749500036239624,1.1755000352859497,0,0,0,0
2025-09-03 18:00:00+00:00,1.173449993133545,1.1740000247955322,1.1730999946594238,1.1733499765396118,731,1.174020004272461,0.00021998882293705613,1.1730930018424988,-3.0000209808367373e-05,0.0009270024299621316,54.783087228694235,0.22763869487808108,1.173200011253357,1.1740000247955322,1.1750500202178955,1.1749500036239624,0,0,0,0
2025-09-03 19:00:00+00:00,1.173200011253357,1.1734999418258667,1.1728999614715576,1.1734000444412231,120,1.1739200115203858,-9.999275207506209e-05,1.1730560016632081,-3.700017929064714e-05,0.0008640098571777166,53.34292898396304,-1.4401582447311938,1.1730999946594238,1.173200011253357,1.1740000247955322,1.1750500202178955,0,0,0,0
2025-09-03 20:00:00+00:00,1.1732499599456787,1.1736500263214111,1.1728999614715576,1.1730999946594238,57,1.1736299991607666,-0.00029001235961922944,1.1730310010910034,-2.500057220466978e-05,0.000598998069763157,53.605369995976055,0.2624410120130136,1.1728999614715576,1.1730999946594238,1.1734999418258667,1.1740000247955322,0,0,0,0
2025-09-03 22:00:00+00:00,1.1731499433517456,1.173200011253357,1.173050045967102,1.1731499433517456,0,1.17328999042511,-0.00034000873565664946,1.1730139994621276,-1.7001628875856767e-05,0.00027599096298236425,52.96295004380616,-0.6424199521698952,1.1728999614715576,1.1728999614715576,1.1736500263214111,1.1734999418258667,0,0,0,0
2025-09-03 23:00:00+00:00,1.173200011253357,1.1733499765396118,1.1727999448776245,1.1730999946594238,37,1.1732499837875365,-4.000663757341982e-05,1.1730110001564027,-2.9993057248933752e-06,0.0002389836311338378,53.26489374213367,0.3019436983275128,1.173050045967102,1.1728999614715576,1.173200011253357,1.1736500263214111,0,0,0,0
2025-09-04 00:00:00+00:00,1.172950029373169,1.1732499599456787,1.1726000308990479,1.173200011253357,62,1.1731499910354615,-9.999275207506209e-05,1.1729820013046264,-2.8998851776318446e-05,0.00016798973083509416,51.4877457494119,-1.7771479927217726,1.1727999448776245,1.173050045967102,1.1733499765396118,1.173200011253357,0,0,0,0
2025-09-04 01:00:00+00:00,1.1728500127792358,1.173949956893921,1.1722999811172485,1.173050045967102,97,1.1730799913406371,-6.999969482435198e-05,1.1728780007362365,-0.0001040005683898837,0.00020199060440062588,50.75806017521663,-0.7296855741952726,1.1726000308990479,1.1727999448776245,1.1732499599456787,1.1733499765396118,1,0,0,0
2025-09-04 02:00:00+00:00,1.1723500490188599,1.172950029373169,1.1721500158309937,1.172950029373169,71,1.1729000091552735,-0.0001799821853636363,1.1727830028533937,-9.499788284283994e-05,0.00011700630187982952,47.1600892500587,-3.597970925157931,1.1722999811172485,1.1726000308990479,1.173949956893921,1.1732499599456787,0,0,0,0
2025-09-04 03:00:00+00:00,1.1723999977111816,1.1726000308990479,1.1720999479293823,1.1723999977111816,558,1.1727500200271606,-0.0001499891281129262,1.1726760029792787,-0.00010699987411499912,7.401704788190244e-05,47.560020578802664,0.39993132874396764,1.1721500158309937,1.1722999811172485,1.172950029373169,1.173949956893921,0,0,0,0
2025-09-04 04:00:00+00:00,1.1721999645233154,1.1725499629974365,1.1721999645233154,1.1725499629974365,27,1.1725500106811524,-0.00020000934600816755,1.172576003074646,-9.999990463271935e-05,-2.5992393493545762e-05,46.056608879512645,-1.5034116992900195,1.1720999479293823,1.1721500158309937,1.1726000308990479,1.172950029373169,0,0,0,0
2025-09-04 05:00:00+00:00,1.1723500490188599,1.1725000143051147,1.1719499826431274,1.1722500324249268,244,1.1724300146102906,-0.000119996070861772,1.172475004196167,-0.00010099887847903055,-4.498958587628721e-05,47.400113473815935,1.3435045943032904,1.1721999645233154,1.1720999479293823,1.1725499629974365,1.1726000308990479,0,0,0,0
2025-09-04 06:00:00+00:00,1.1721999645233154,1.1729999780654907,1.1721999645233154,1.1726499795913696,2564,1.1723000049591064,-0.00013000965118425967,1.1723720026016236,-0.00010300159454335045,-7.199764251719643e-05,46.161972898105624,-1.238140575710311,1.1719499826431274,1.1721999645233154,1.1725000143051147,1.1725499629974365,0,0,0,0
2025-09-04 07:00:00+00:00,1.1719499826431274,1.1727999448776245,1.1715999841690063,1.1722500324249268,199,1.17221999168396,-8.001327514639556e-05,1.1722880029678344,-8.399963378913355e-05,-6.801128387445843e-05,44.095897596750866,-2.0660753013547577,1.1721999645233154,1.1719499826431274,1.1729999780654907,1.1725000143051147,0,0,0,0
2025-09-04 08:00:00+00:00,1.1726000308990479,1.172950029373169,1.1719499826431274,1.1720999479293823,377,1.1722599983215332,4.000663757319778e-05,1.172206003665924,-8.199930191032934e-05,5.399465560906869e-05,50.32239975944677,6.226502162695901,1.1715999841690063,1.1721999645233154,1.1727999448776245,1.1729999780654907,0,0,0,0
2025-09-04 09:00:00+00:00,1.1712499856948853,1.1728500127792358,1.1710000038146973,1.1728500127792358,263,1.1720700025558473,-0.00018999576568590193,1.1720930027961731,-0.00011300086975096768,-2.3000240325865562e-05,40.28666493550788,-10.035734823938888,1.1719499826431274,1.1715999841690063,1.172950029373169,1.1727999448776245,0,0,0,0
2025-09-04 10:00:00+00:00,1.1721999645233154,1.1728999614715576,1.1713000535964966,1.1713999509811401,611,1.1720399856567383,-3.0016899108975537e-05,1.1719820022583007,-0.00011100053787238551,5.798339843754441e-05,48.1261355459957,7.8394706104878225,1.1710000038146973,1.1719499826431274,1.1728500127792358,1.172950029373169,0,0,0,0
2025-09-04 11:00:00+00:00,1.1713000535964966,1.1722500324249268,1.1710000038146973,1.1722500324249268,523,1.1718600034713744,-0.00017998218536385835,1.1719700026512145,-1.1999607086199404e-05,-0.00010999917984011454,42.44180255569104,-5.684332990304661,1.1713000535964966,1.1710000038146973,1.1728999614715576,1.1728500127792358,0,0,0,0
2025-09-04 12:00:00+00:00,1.1716500520706177,1.172700047492981,1.1700999736785889,1.1714999675750732,3992,1.1718000173568726,-5.998611450186431e-05,1.171966004371643,-3.998279571426622e-06,-0.00016598701477055222,45.15503257420166,2.7132300185106217,1.1710000038146973,1.1713000535964966,1.1722500324249268,1.1728999614715576,0,1,0,0
2025-09-04 13:00:00+00:00,1.1720499992370605,1.1725499629974365,1.170799970626831,1.1714999675750732,16567,1.171690011024475,-0.00011000633239754976,1.1719850039482116,1.899957656847917e-05,-0.00029499292373658115,48.16213153595696,3.007098961755297,1.1700999736785889,1.1710000038146973,1.172700047492981,1.1722500324249268,0,0,0,0
2025-09-04 14:00:00+00:00,1.1705000400543213,1.1721999645233154,1.170199990272522,1.1713999509811401,1112,1.1715400218963623,-0.00014998912811270415,1.1719840049743653,-9.98973846311202e-07,-0.0004439830780029741,39.19348110493546,-8.968650431021501,1.170799970626831,1.1700999736785889,1.1725499629974365,1.172700047492981,0,0,0,0
2025-09-04 15:00:00+00:00,1.1718000173568726,1.1720000505447388,1.170199990272522,1.1705000400543213,1040,1.1714600324630737,-7.998943328857422e-05,1.171978006362915,-5.99861145023084e-06,-0.0005179738998413175,47.94846118491524,8.75498007997978,1.170199990272522,1.170799970626831,1.1721999645233154,1.1725499629974365,0,0,0,0
2025-09-04 16:00:00+00:00,1.1709500551223755,1.1717000007629395,1.170549988746643,1.1717000007629395,224,1.1713900327682496,-6.999969482412993e-05,1.1720090079307557,3.1001567840638344e-05,-0.0006189751625060858,43.53488187790665,-4.41357930700859,1.170199990272522,1.170199990272522,1.1720000505447388,1.1721999645233154,0,0,0,0
2025-09-04 17:00:00+00:00,1.1707500219345093,1.1710000038146973,1.1705000400543213,1.1710000038146973,265,1.171210026741028,-0.0001800060272216797,1.1719770073890685,-3.200054168717159e-05,-0.0007669806480405938,42.54239380955332,-0.9924880683533317,1.170549988746643,1.170199990272522,1.1717000007629395,1.1720000505447388,0,0,0,0
2025-09-04 18:00:00+00:00,1.1713500022888184,1.1717499494552612,1.1707500219345093,1.170799970626831,811,1.1710700273513794,-0.0001399993896484819,1.1719310069084168,-4.6000480651731124e-05,-0.0008609795570373446,46.48330684523415,3.940913035680829,1.1705000400543213,1.170549988746643,1.1710000038146973,1.1717000007629395,0,0,0,0
2025-09-04 19:00:00+00:00,1.1720999479293823,1.1721999645233154,1.1714999675750732,1.1715500354766846,185,1.1713900089263916,0.0003199815750121182,1.1719210052490234,-1.0001659393354956e-05,-0.0005309963226318715,51.00669158546327,4.523384740229126,1.1707500219345093,1.1705000400543213,1.1717499494552612,1.1710000038146973,0,0,0,0
2025-09-04 20:00:00+00:00,1.1719499826431274,1.1722500324249268,1.1719000339508057,1.1720999479293823,68,1.1714200019836425,2.9993057250932154e-05,1.1719250059127808,4.000663757386391e-06,-0.0005050039291383257,50.094863231064785,-0.9118283543984873,1.1714999675750732,1.1707500219345093,1.1721999645233154,1.1717499494552612,0,0,0,0
2025-09-04 22:00:00+00:00,1.1719499826431274,1.1721999645233154,1.1718499660491943,1.1721999645233154,0,1.171619987487793,0.00019998550415056826,1.1719330048561096,7.998943328813013e-06,-0.00031301736831657045,50.094863231064785,0.0,1.1719000339508057,1.1714999675750732,1.1722500324249268,1.1721999645233154,0,0,0,0
2025-09-04 23:00:00+00:00,1.1726000308990479,1.172700047492981,1.1719000339508057,1.1719000339508057,100,1.1719899892807006,0.0003700017929075816,1.1719700050354005,3.7000179290869184e-05,1.998424530014198e-05,54.209969839691844,4.115106608627059,1.1718499660491943,1.1719000339508057,1.1721999645233154,1.1722500324249268,0,0,0,0
2025-09-05 00:00:00+00:00,1.172950029373169,1.1729999780654907,1.1722999811172485,1.172700047492981,140,1.1723099946975708,0.0003200054168701616,1.1720000052452086,3.000020980814533e-05,0.00030998945236215825,56.29940283780858,2.0894329981167346,1.1719000339508057,1.1718499660491943,1.172700047492981,1.1721999645233154,0,1,0,0
2025-09-05 01:00:00+00:00,1.173949956893921,1.1741000413894653,1.172950029373169,1.172950029373169,167,1.1726799964904786,0.00037000179290780366,1.1720510053634643,5.100011825565076e-05,0.0006289911270143111,61.67934381009391,5.379940972285333,1.1722999811172485,1.1719000339508057,1.1729999780654907,1.172700047492981,0,0,0,0
2025-09-05 02:00:00+00:00,1.173799991607666,1.1743500232696533,1.173799991607666,1.173949956893921,78,1.1730499982833862,0.0003700017929075816,1.1721070051193236,5.5999755859348355e-05,0.0009429931640625444,60.476840892402,-1.202502917691909,1.172950029373169,1.1722999811172485,1.1741000413894653,1.1729999780654907,0,0,0,0
2025-09-05 03:00:00+00:00,1.1741000413894653,1.1741000413894653,1.1736500263214111,1.1737500429153442,42,1.173480010032654,0.00043001174926771135,1.1721760058403015,6.900072097781873e-05,0.001304004192352437,62.07020189243188,1.59336100002988,1.173799991607666,1.172950029373169,1.1743500232696533,1.1741000413894653,0,0,0,0
2025-09-05 04:00:00+00:00,1.1736500263214111,1.174049973487854,1.1734999418258667,1.174049973487854,29,1.1736900091171265,0.00020999908447261184,1.1722370052337647,6.099939346326799e-05,0.0014530038833617809,58.275587771216394,-3.7946141212154885,1.1736500263214111,1.173799991607666,1.1741000413894653,1.1743500232696533,0,0,0,0
2025-09-05 05:00:00+00:00,1.1747000217437744,1.1747000217437744,1.1737500429153442,1.1737500429153442,100,1.1740400075912476,0.00034999847412109375,1.1723260045051576,8.899927139283115e-05,0.0017140030860900435,63.83155118425429,5.555963413037894,1.1734999418258667,1.1736500263214111,1.174049973487854,1.1741000413894653,0,0,0,0
2025-09-05 06:00:00+00:00,1.173949956893921,1.174649953842163,1.1734999418258667,1.1746000051498413,196,1.1740400075912476,0.0,1.1724050045013428,7.899999618521392e-05,0.0016350030899048296,57.90030323944573,-5.931247944808554,1.1737500429153442,1.1734999418258667,1.1747000217437744,1.174049973487854,0,0,0,0
2025-09-05 07:00:00+00:00,1.1747000217437744,1.1748000383377075,1.173699975013733,1.1738500595092773,733,1.1742200136184693,0.0001800060272216797,1.1725060057640075,0.00010100126266476828,0.001714007854461741,61.72991534357239,3.829612104126653,1.1734999418258667,1.1737500429153442,1.174649953842163,1.1747000217437744,0,0,0,0
2025-09-05 08:00:00+00:00,1.1751999855041504,1.1753499507904053,1.1744999885559082,1.1746000051498413,4952,1.1744400024414063,0.00021998882293705613,1.1726010060310363,9.500026702879971e-05,0.0018389964103699974,64.07570196837338,2.3457866248009935,1.173699975013733,1.1734999418258667,1.1748000383377075,1.174649953842163,0,0,0,0
2025-09-05 09:00:00+00:00,1.1756999492645264,1.176200032234192,1.1750500202178955,1.1752500534057617,1690,1.1748499870300293,0.00040998458862295806,1.172713005542755,0.00011199951171869671,0.0021369814872742587,66.30024355130996,2.224541582936581,1.1744999885559082,1.173699975013733,1.1753499507904053,1.1748000383377075,0,0,0,0
2025-09-05 10:00:00+00:00,1.1761499643325806,1.1765999794006348,1.1756500005722046,1.1757500171661377,650,1.1751399755477905,0.00028998851776118606,1.1728240036964417,0.00011099815368664778,0.002315971851348797,68.20849888761067,1.9082553363007122,1.1750500202178955,1.1744999885559082,1.176200032234192,1.1753499507904053,0,0,0,0
2025-09-05 11:00:00+00:00,1.1756500005722046,1.1761000156402588,1.1747499704360962,1.1761000156402588,8568,1.1754799842834474,0.0003400087356568715,1.1729220032691956,9.799957275391513e-05,0.0025579810142517534,63.880620927911835,-4.327877959698839,1.1756500005722046,1.1750500202178955,1.1765999794006348,1.176200032234192,0,0,0,0
2025-09-05 12:00:00+00:00,1.1802500486373901,1.1820000410079956,1.1756000518798828,1.1757999658584595,10307,1.1765899896621703,0.001110005378722967,1.17306800365448,0.00014600038528445047,0.00352198600769027,77.82321586184801,13.942594933936178,1.1747499704360962,1.1756500005722046,1.1761000156402588,1.1765999794006348,0,0,1,0
2025-09-05 13:00:00+00:00,1.1816999912261963,1.1819000244140625,1.1782499551773071,1.180400013923645,21411,1.1778899908065796,0.001300001144409313,1.1732430028915406,0.00017499923706054688,0.004646987915039036,80.39242961117623,2.5692137493282132,1.1756000518798828,1.1747499704360962,1.1820000410079956,1.1761000156402588,0,0,0,0
2025-09-05 14:00:00+00:00,1.1805000305175781,1.1827000379562378,1.1791000366210938,1.1817500591278076,2322,1.17885000705719,0.0009600162506102627,1.1734190034866332,0.0001760005950925958,0.005431003570556703,72.86853648278043,-7.523893128395798,1.1782499551773071,1.1756000518798828,1.1819000244140625,1.1820000410079956,0,0,0,0
2025-09-05 15:00:00+00:00,1.1827000379562378,1.1827000379562378,1.1804499626159668,1.1804499626159668,3857,1.1801600217819215,0.0013100147247315785,1.1736250042915344,0.00020600080490118522,0.006535017490387096,77.10011638644329,4.231579903662862,1.1791000366210938,1.1782499551773071,1.1827000379562378,1.1819000244140625,0,0,1,0
2025-09-05 16:00:00+00:00,1.1807500123977661,1.1827499866485596,1.1805000305175781,1.1826000213623047,1612,1.1811800241470336,0.001020002365112127,1.173798005580902,0.00017300128936770243,0.007382018566131521,67.10906183555872,-9.99105455088457,1.1804499626159668,1.1791000366210938,1.1827000379562378,1.1827000379562378,1,0,0,0
2025-09-05 17:00:00+00:00,1.1794500350952148,1.180649995803833,1.1793500185012817,1.180649995803833,616,1.1810200214385986,-0.00016000270843496978,1.1739400053024291,0.00014199972152706408,0.007080016136169487,61.39711194449852,-5.7119498910602005,1.1805000305175781,1.1804499626159668,1.1827499866485596,1.1827000379562378,0,0,0,0
2025-09-05 18:00:00+00:00,1.1785500049591064,1.1794500350952148,1.1783000230789185,1.1793999671936035,1525,1.1803900241851806,-0.0006299972534180576,1.1740370059013367,9.700059890760393e-05,0.006353018283843825,57.73328100528948,-3.663830939209042,1.1793500185012817,1.1805000305175781,1.180649995803833,1.1827499866485596,0,0,0,0
2025-09-05 19:00:00+00:00,1.1785000562667847,1.1791000366210938,1.1781500577926636,1.1785500049591064,345,1.179990029335022,-0.00039999485015851377,1.1741130065917968,7.60006904600985e-05,0.005877022743225213,57.52810841954352,-0.20517258574595587,1.1783000230789185,1.1793500185012817,1.1794500350952148,1.180649995803833,0,0,0,0
2025-09-05 20:00:00+00:00,1.1784499883651733,1.1790000200271606,1.1784000396728516,1.1785999536514282,290,1.1791400194168091,-0.000850009918212935,1.1741850066184998,7.200002670293415e-05,0.004955012798309344,57.30825651135294,-0.2198519081905843,1.1781500577926636,1.1783000230789185,1.1791000366210938,1.1794500350952148,0,0,0,0
2025-09-07 22:00:00+00:00,1.17739999294281,1.1789499521255493,1.177150011062622,1.1787999868392944,194,1.1784700155258179,-0.0006700038909912553,1.1742650055885315,7.999897003174716e-05,0.004205009937286341,52.75495797671791,-4.553298534635026,1.1784000396728516,1.1781500577926636,1.1790000200271606,1.1791000366210938,1,1,0,0
2025-09-07 23:00:00+00:00,1.1780500411987305,1.1782499551773071,1.1774499416351318,1.1776000261306763,836,1.178190016746521,-0.0002799987792969638,1.1743570065498352,9.200096130368429e-05,0.0038330101966856933,55.13174872287134,2.376790746153432,1.177150011062622,1.1784000396728516,1.1789499521255493,1.1790000200271606,0,0,0,0
2025-09-08 00:00:00+00:00,1.1780999898910522,1.1780999898910522,1.1772500276565552,1.1778000593185425,120,1.17810001373291,-9.000301361083984e-05,1.1744550061225891,9.799957275391513e-05,0.0036450076103209383,55.31775726139456,0.1860085385232182,1.1774499416351318,1.177150011062622,1.1782499551773071,1.1789499521255493,0,1,0,0
2025-09-08 01:00:00+00:00,1.1779500246047974,1.1783499717712402,1.1775000095367432,1.1780999898910522,1333,1.1779900074005127,-0.00011000633239732771,1.1745490074157714,9.400129318226647e-05,0.003440999984741344,54.5860677185071,-0.7316895428874588,1.1772500276565552,1.1774499416351318,1.1780999898910522,1.1782499551773071,0,0,0,0
2025-09-08 02:00:00+00:00,1.1782499551773071,1.1784000396728516,1.1777499914169312,1.1780999898910522,357,1.1779500007629395,-4.000663757319778e-05,1.1746510076522827,0.00010200023651130152,0.003298993110656845,55.8440265447447,1.2579588262375978,1.1775000095367432,1.1772500276565552,1.1783499717712402,1.1780999898910522,0,0,0,0
2025-09-08 03:00:00+00:00,1.1777000427246094,1.1782499551773071,1.177549958229065,1.1780999898910522,51,1.1780100107192992,6.0009956359685646e-05,1.1747410082817078,9.000062942510212e-05,0.0032690024375914284,52.948114804084845,-2.895911740659855,1.1777499914169312,1.1775000095367432,1.1784000396728516,1.1783499717712402,0,0,0,0
2025-09-08 04:00:00+00:00,1.1780500411987305,1.1780999898910522,1.1773500442504883,1.1777000427246094,152,1.1780100107192992,0.0,1.174843008518219,0.00010200023651130152,0.003167002201080127,54.563121634063286,1.6150068299784408,1.177549958229065,1.1777499914169312,1.1782499551773071,1.1784000396728516,0,0,0,0
2025-09-08 05:00:00+00:00,1.1782499551773071,1.1787999868392944,1.1779999732971191,1.1779999732971191,375,1.1780400037765504,2.9993057251154198e-05,1.1749510073661804,0.00010799884796131032,0.0030889964103699707,55.50261457830244,0.9394929442391557,1.1773500442504883,1.177549958229065,1.1780999898910522,1.1782499551773071,0,0,0,0
2025-09-08 06:00:00+00:00,1.1794500350952148,1.1794999837875366,1.1779999732971191,1.1783000230789185,1604,1.1783400058746338,0.0003000020980834517,1.1750930070877075,0.00014199972152706408,0.0032469987869263583,60.74929047618878,5.246675897886341,1.1779999732971191,1.1773500442504883,1.1787999868392944,1.1780999898910522,0,0,0,0
2025-09-08 07:00:00+00:00,1.1799999475479126,1.1800999641418457,1.1787999868392944,1.1794500350952148,1524,1.178690004348755,0.00034999847412109375,1.1752450060844422,0.0001519989967346813,0.003444998264312771,62.90754843739061,2.1582579612018264,1.1779999732971191,1.1779999732971191,1.1794999837875366,1.1787999868392944,0,0,0,0
2025-09-08 08:00:00+00:00,1.1798499822616577,1.180999994277954,1.1793500185012817,1.180050015449524,3944,1.1791199922561646,0.00042998790740966797,1.1753980064392089,0.00015300035476673024,0.0037219858169557085,61.90781733811353,-0.9997310992770778,1.1787999868392944,1.1779999732971191,1.1800999641418457,1.1794999837875366,0,0,0,0
2025-09-08 09:00:00+00:00,1.1792000532150269,1.1797499656677246,1.1788500547409058,1.1796000003814697,4219,1.179349994659424,0.00023000240325932175,1.1755350065231323,0.0001370000839233665,0.0038149881362916638,57.63305502158773,-4.274762316525802,1.1793500185012817,1.1787999868392944,1.180999994277954,1.1800999641418457,0,0,0,0
2025-09-08 10:00:00+00:00,1.1793500185012817,1.1796000003814697,1.1787500381469727,1.1791000366210938,1552,1.1795700073242188,0.00022001266479487747,1.1756780076026916,0.00014300107955933505,0.003891999721527206,58.347739795755366,0.7146847741676368,1.1788500547409058,1.1793500185012817,1.1797499656677246,1.180999994277954,0,0,0,0
2025-09-08 11:00:00+00:00,1.1796499490737915,1.179900050163269,1.1792500019073486,1.1792999505996704,2006,1.1796099901199342,3.998279571537644e-05,1.1758320069313049,0.00015399932861326349,0.003777983188629319,59.80803707891557,1.4602972831602017,1.1787500381469727,1.1788500547409058,1.1796000003814697,1.1797499656677246,0,0,0,0
2025-09-08 12:00:00+00:00,1.1805499792099,1.180899977684021,1.1791000366210938,1.1796499490737915,7006,1.1797199964523315,0.00011000633239732771,1.175991005897522,0.00015899896621718312,0.0037289905548094637,63.898301102912875,4.090264023997307,1.1792500019073486,1.1787500381469727,1.179900050163269,1.1796000003814697,0,0,0,0
2025-09-08 13:00:00+00:00,1.1818499565124512,1.1823999881744385,1.1804499626159668,1.1805499792099,14558,1.1801199913024902,0.0003999948501587358,1.1762030053138732,0.00021199941635119401,0.0039169859886170055,68.83211593966965,4.933814836756774,1.1791000366210938,1.1792500019073486,1.180899977684021,1.179900050163269,0,0,0,0
2025-09-08 14:00:00+00:00,1.181249976158142,1.1821000576019287,1.1807500123977661,1.1818499565124512,9794,1.1805299758911132,0.00040998458862295806,1.1763840055465697,0.00018100023269651544,0.004145970344543448,64.4539644372106,-4.378151502459048,1.1804499626159668,1.1791000366210938,1.1823999881744385,1.180899977684021,0,0,0,0
2025-09-08 15:00:00+00:00,1.1818000078201294,1.1819499731063843,1.1811000108718872,1.1813000440597534,15302,1.1810199737548828,0.0004899978637695757,1.1765940046310426,0.00020999908447283389,0.00442596912384019,66.55423908352276,2.100274646312158,1.1807500123977661,1.1804499626159668,1.1821000576019287,1.1823999881744385,0,0,0,0
2025-09-08 16:00:00+00:00,1.1808500289916992,1.1819499731063843,1.180299997329712,1.1817500591278076,5875,1.1812599897384644,0.00024001598358158738,1.1767780041694642,0.00018399953842163086,0.0044819855690001464,59.964201470159246,-6.5900376133635135,1.1811000108718872,1.1807500123977661,1.1819499731063843,1.1821000576019287,0,0,0,0
2025-09-08 17:00:00+00:00,1.1806999444961548,1.181399941444397,1.1802500486373901,1.1807500123977661,1157,1.1812899827957153,2.9993057250932154e-05,1.176951003074646,0.00017299890518174266,0.004338979721069336,58.97073031125961,-0.9934711588996379,1.180299997329712,1.1811000108718872,1.1819499731063843,1.1819499731063843,0,0,0,0
2025-09-08 18:00:00+00:00,1.1828999519348145,1.1829999685287476,1.1806999444961548,1.1806999444961548,4087,1.181499981880188,0.00020999908447261184,1.177199001312256,0.00024799823761001427,0.0043009805679319335,67.47680846538469,8.506078154125085,1.1802500486373901,1.180299997329712,1.181399941444397,1.1819499731063843,0,0,0,0
2025-09-08 19:00:00+00:00,1.1829999685287476,1.1833000183105469,1.1827499866485596,1.1828500032424927,3742,1.181849980354309,0.00034999847412109375,1.1774230003356934,0.00022399902343739342,0.004426980018615634,67.80360349599843,0.32679503061373794,1.1806999444961548,1.1802500486373901,1.1829999685287476,1.181399941444397,0,0,0,0
2025-09-08 20:00:00+00:00,1.183150053024292,1.183150053024292,1.1827000379562378,1.1829999685287476,236,1.1821199893951415,0.00027000904083251953,1.1776670002937317,0.0002439999580383656,0.004452989101409788,68.31805282513265,0.5144493291342229,1.1827499866485596,1.1806999444961548,1.1833000183105469,1.1829999685287476,0,0,0,0
2025-09-08 22:00:00+00:00,1.1828999519348145,1.1832000017166138,1.1828500032424927,1.183150053024292,0,1.1825299739837647,0.0004099845886231801,1.1779099988937378,0.00024299860000609463,0.004619975090026873,66.41365721601834,-1.9043956091143173,1.1827000379562378,1.1827499866485596,1.183150053024292,1.1833000183105469,0,0,0,0
2025-09-08 23:00:00+00:00,1.183500051498413,1.1840499639511108,1.1828999519348145,1.1828999519348145,350,1.1830899953842162,0.0005600214004515269,1.1781529998779297,0.00024300098419183236,0.004936995506286568,68.67033645439744,2.2566792383791068,1.1828500032424927,1.1827000379562378,1.1832000017166138,1.183150053024292,1,0,0,0
2025-09-09 00:00:00+00:00,1.1837999820709229,1.1840499639511108,1.1832499504089355,1.183500051498413,350,1.183270001411438,0.0001800060272216797,1.1783870005607604,0.00023400068283074837,0.004883000850677499,69.76382946717511,1.093493012777671,1.1828999519348145,1.1828500032424927,1.1840499639511108,1.1832000017166138,0,0,0,0
2025-09-09 01:00:00+00:00,1.184149980545044,1.184399962425232,1.1833000183105469,1.1837999820709229,1026,1.1835000038146972,0.00023000240325932175,1.1786310005187988,0.0002439999580383656,0.004869003295898455,71.03432749521943,1.2704980280443152,1.1832499504089355,1.1828999519348145,1.1840499639511108,1.1840499639511108,0,0,0,0
2025-09-09 02:00:00+00:00,1.1835500001907349,1.1843500137329102,1.183500051498413,1.1842000484466553,8939,1.1835799932479858,7.998943328857422e-05,1.178863000869751,0.0002320003509521662,0.004716992378234863,65.92074923987477,-5.113578255344663,1.1833000183105469,1.1832499504089355,1.184399962425232,1.1840499639511108,0,0,0,0
2025-09-09 03:00:00+00:00,1.1830500364303589,1.1835999488830566,1.1830500364303589,1.1835500001907349,4887,1.1836100101470948,3.0016899108975537e-05,1.1790720009803772,0.00020900011062630064,0.004538009166717538,61.92058465326703,-4.000164586607738,1.183500051498413,1.1833000183105469,1.1843500137329102,1.184399962425232,0,0,0,0
2025-09-09 04:00:00+00:00,1.1839499473571777,1.184249997138977,1.1833000183105469,1.1833000183105469,804,1.1836999893188476,8.997917175279646e-05,1.1792919993400575,0.00021999835968022907,0.004407989978790106,65.92828632704354,4.007701673776509,1.1830500364303589,1.183500051498413,1.1835999488830566,1.1843500137329102,0,0,0,0
2025-09-09 05:00:00+00:00,1.1845500469207764,1.1847000122070312,1.1838500499725342,1.183899998664856,4771,1.1838500022888183,0.00015001296997074753,1.1795040011405944,0.00021200180053693174,0.004346001148223921,68.3225080792274,2.394221752183867,1.1833000183105469,1.1830500364303589,1.184249997138977,1.1835999488830566,1,0,0,0
2025-09-09 06:00:00+00:00,1.183150053024292,1.18464994430542,1.1822999715805054,1.1845999956130981,7428,1.183650016784668,-0.00019998550415034622,1.179691002368927,0.00018700122833270605,0.003959014415740869,58.07040900677551,-10.252099072451891,1.1838500499725342,1.1833000183105469,1.1847000122070312,1.184249997138977,0,0,0,0
2025-09-09 07:00:00+00:00,1.1819499731063843,1.183500051498413,1.18149995803833,1.183150053024292,42451,1.1833300113677978,-0.0003200054168701616,1.1798480010032655,0.0001569986343383789,0.0034820103645323286,51.00509791804959,-7.06531108872592,1.1822999715805054,1.1838500499725342,1.18464994430542,1.1847000122070312,0,0,0,0
2025-09-09 08:00:00+00:00,1.1826000213623047,1.1828500032424927,1.1811000108718872,1.1819000244140625,15253,1.183240008354187,-9.000301361083984e-05,1.1800270009040832,0.00017899990081771122,0.0032130074501037775,54.25199607061676,3.2468981525671694,1.18149995803833,1.1822999715805054,1.183500051498413,1.18464994430542,0,0,0,0
2025-09-09 09:00:00+00:00,1.18340003490448,1.1838500499725342,1.1826499700546265,1.1826499700546265,16476,1.1831300258636475,-0.00010998249053950637,1.1802010011672974,0.00017400026321423567,0.0029290246963500355,57.94571973023802,3.6937236596212557,1.1811000108718872,1.18149995803833,1.1828500032424927,1.183500051498413,0,0,0,0
2025-09-09 10:00:00+00:00,1.1820000410079956,1.1837999820709229,1.1819000244140625,1.1834499835968018,8586,1.1826200246810914,-0.0005100011825560635,1.180362002849579,0.00016100168228150302,0.002258021831512469,50.293038652772296,-7.652681077465722,1.1826499700546265,1.1811000108718872,1.1838500499725342,1.1828500032424927,0,0,0,0
2025-09-09 11:00:00+00:00,1.180899977684021,1.1821000576019287,1.180799961090088,1.1821000576019287,21959,1.1821700096130372,-0.0004500150680541992,1.1804860019683838,0.0001239991188048961,0.0016840076446533736,45.237503761894914,-5.055534890877382,1.1819000244140625,1.1826499700546265,1.1837999820709229,1.1838500499725342,0,0,0,0
2025-09-09 12:00:00+00:00,1.180400013923645,1.181149959564209,1.1793999671936035,1.1809500455856323,20251,1.1818600177764893,-0.00030999183654789597,1.1805900025367737,0.0001040005683898837,0.001270015239715594,43.11618894192612,-2.121314819968795,1.180799961090088,1.1819000244140625,1.1821000576019287,1.1837999820709229,0,0,0,0
2025-09-09 13:00:00+00:00,1.180899977684021,1.1815500259399414,1.1800999641418457,1.180400013923645,15985,1.1815200090408324,-0.0003400087356568715,1.1806940031051636,0.0001040005683898837,0.0008260059356688387,45.850726013116116,2.7345370711899974,1.1793999671936035,1.180799961090088,1.181149959564209,1.1821000576019287,0,0,0,0
2025-09-09 14:00:00+00:00,1.1797000169754028,1.1828500032424927,1.1789499521255493,1.180899977684021,23098,1.180780005455017,-0.0007400035858153853,1.18076500415802,7.10010528564009e-05,1.5001296997052549e-05,40.7832661561107,-5.067459857005417,1.1800999641418457,1.1793999671936035,1.1815500259399414,1.181149959564209,0,0,0,0
2025-09-09 15:00:00+00:00,1.1788500547409058,1.179800033569336,1.1783000230789185,1.1797000169754028,24289,1.1801500082015992,-0.0006299972534178355,1.1808290052413941,6.400108337412114e-05,-0.0006789970397949041,37.61230220858704,-3.17096394752366,1.1789499521255493,1.1800999641418457,1.1828500032424927,1.1815500259399414,0,0,0,0
2025-09-09 16:00:00+00:00,1.1785500049591064,1.1796499490737915,1.1785500049591064,1.1789000034332275,1531,1.1796800136566161,-0.0004699945449830878,1.1807950043678284,-3.4000873565753764e-05,-0.0011149907112122381,36.53244481369717,-1.0798573948898706,1.1783000230789185,1.1789499521255493,1.179800033569336,1.1828500032424927,0,0,0,0
2025-09-09 17:00:00+00:00,1.1776000261306763,1.1790000200271606,1.177549958229065,1.1785999536514282,1806,1.1791200160980224,-0.0005599975585937056,1.180713005065918,-8.199930191032934e-05,-0.0015929889678956144,33.27511762894308,-3.2573271847540894,1.1785500049591064,1.1783000230789185,1.1796499490737915,1.179800033569336,0,0,0,0
2025-09-09 18:00:00+00:00,1.1773500442504883,1.1780999898910522,1.177049994468689,1.1775000095367432,1995,1.178410029411316,-0.0007099866867064097,1.1806500053405762,-6.299972534185017e-05,-0.002239975929260174,32.455060042226464,-0.8200575867166151,1.177549958229065,1.1785500049591064,1.1790000200271606,1.1796499490737915,0,0,0,0
2025-09-09 19:00:00+00:00,1.177299976348877,1.1776000261306763,1.177049994468689,1.1773500442504883,1522,1.1779300212860107,-0.0004800081253053534,1.180542004108429,-0.00010800123214727009,-0.0026119828224182573,32.283450968353264,-0.17160907387319924,1.177049994468689,1.177549958229065,1.1780999898910522,1.1790000200271606,0,0,0,0
2025-09-09 20:00:00+00:00,1.1775000095367432,1.1778000593185425,1.177150011062622,1.177299976348877,4298,1.1776600122451781,-0.00027000904083251953,1.1804770040512085,-6.500005722043234e-05,-0.0028169918060303445,33.78974732403296,1.5062963556796944,1.177049994468689,1.177049994468689,1.1776000261306763,1.1780999898910522,0,0,0,0
2025-09-09 22:00:00+00:00,1.1778000593185425,1.1779999732971191,1.1774499416351318,1.1779999732971191,0,1.1775100231170654,-0.00014998912811270415,1.180444004535675,-3.299951553348279e-05,-0.002933981418609566,36.08634644635585,2.2965991223228883,1.177150011062622,1.177049994468689,1.1778000593185425,1.1776000261306763,0,0,0,0
2025-09-09 23:00:00+00:00,1.176900029182434,1.1777499914169312,1.1763499975204468,1.1777499914169312,579,1.177370023727417,-0.0001399993896484819,1.1804110050201415,-3.299951553348279e-05,-0.003040981292724565,32.450317597091384,-3.636028849264463,1.1774499416351318,1.177150011062622,1.1779999732971191,1.1778000593185425,0,1,0,0
2025-09-10 00:00:00+00:00,1.176300048828125,1.176800012588501,1.176200032234192,1.1767499446868896,332,1.1771600246429443,-0.00020999908447261184,1.1803670048713684,-4.400014877314895e-05,-0.003206980228424028,30.261359240599518,-2.1889583564918667,1.1763499975204468,1.1774499416351318,1.1777499914169312,1.1779999732971191,0,0,0,0
2025-09-10 01:00:00+00:00,1.176550030708313,1.176800012588501,1.1755000352859497,1.1762499809265137,2389,1.1770100355148316,-0.00014998912811270415,1.1803290057182312,-3.7999153137180386e-05,-0.0033189702033995516,32.31015309658058,2.04879385598106,1.176200032234192,1.1763499975204468,1.176800012588501,1.1777499914169312,0,0,0,0
2025-09-10 02:00:00+00:00,1.177299976348877,1.17739999294281,1.1764999628067017,1.1764999628067017,3458,1.1769700288772582,-4.000663757341982e-05,1.1803270053863526,-2.0003318785821733e-06,-0.0033569765090943893,38.17793829067352,5.867785194092939,1.1755000352859497,1.176200032234192,1.176800012588501,1.176800012588501,0,0,0,0
2025-09-10 03:00:00+00:00,1.17739999294281,1.1776000261306763,1.1772500276565552,1.1772500276565552,392,1.1768900156021118,-8.001327514639556e-05,1.1803140044212341,-1.3000965118470376e-05,-0.0034239888191223145,38.93817254129681,0.7602342506232915,1.1764999628067017,1.1755000352859497,1.17739999294281,1.176800012588501,0,0,0,0
2025-09-10 04:00:00+00:00,1.1780999898910522,1.1780999898910522,1.177299976348877,1.177299976348877,737,1.1771300077438354,0.000239992141723544,1.1803140044212341,0.0,-0.0031839966773987705,44.11766561576826,5.179493074471452,1.1772500276565552,1.1764999628067017,1.1776000261306763,1.17739999294281,0,0,0,0
2025-09-10 05:00:00+00:00,1.1775000095367432,1.1781500577926636,1.1770999431610107,1.1780500411987305,1582,1.1773699998855591,0.00023999214172376604,1.180305004119873,-9.000301361083984e-06,-0.0029350042343139204,40.914220366235114,-3.2034452495331465,1.177299976348877,1.1772500276565552,1.1780999898910522,1.1776000261306763,0,0,0,0
2025-09-10 06:00:00+00:00,1.1763999462127686,1.1784000396728516,1.1757999658584595,1.1775000095367432,3903,1.1773399829864502,-3.0016899108975537e-05,1.1802680039405822,-3.7000179290869184e-05,-0.002928020954132027,35.783762527449085,-5.130457838786029,1.1770999431610107,1.177299976348877,1.1781500577926636,1.1780999898910522,0,0,0,0
2025-09-10 07:00:00+00:00,1.176900029182434,1.17739999294281,1.1749000549316406,1.1763999462127686,44747,1.1772599935531616,-7.998943328857422e-05,1.1802520036697388,-1.600027084336375e-05,-0.0029920101165772373,39.497927237735745,3.71416471028666,1.1757999658584595,1.1770999431610107,1.1784000396728516,1.1781500577926636,0,1,0,0
2025-09-10 08:00:00+00:00,1.1765999794006348,1.1769499778747559,1.1757500171661377,1.176900029182434,49835,1.1770999908447266,-0.00016000270843496978,1.1802230024337768,-2.900123596205617e-05,-0.003123011589050151,38.07497013310577,-1.4229571046299725,1.1749000549316406,1.1757999658584595,1.17739999294281,1.1784000396728516,0,0,0,0
2025-09-10 09:00:00+00:00,1.1778500080108643,1.1783000230789185,1.1764500141143799,1.1764999628067017,58852,1.177049994468689,-4.9996376037642065e-05,1.180215003490448,-7.998943328813013e-06,-0.00316500902175898,46.69137854587222,8.616408412766447,1.1757500171661377,1.1749000549316406,1.1769499778747559,1.17739999294281,0,0,0,0
2025-09-10 10:00:00+00:00,1.176650047302246,1.1780500411987305,1.176300048828125,1.1779500246047974,9433,1.1768800020217896,-0.00016999244689941406,1.1801590037345886,-5.5999755859348355e-05,-0.0032790017127990456,40.81970774701828,-5.871670798853941,1.1764500141143799,1.1757500171661377,1.1783000230789185,1.1769499778747559,0,0,0,0
2025-09-10 11:00:00+00:00,1.177049994468689,1.177299976348877,1.1761499643325806,1.1765999794006348,42705,1.1770100116729736,0.00013000965118403762,1.1801000046730041,-5.8999061584463774e-05,-0.0030899930000305442,43.37563578702917,2.5559280400108904,1.176300048828125,1.1764500141143799,1.1780500411987305,1.1783000230789185,0,0,0,0
2025-09-10 12:00:00+00:00,1.176650047302246,1.1793500185012817,1.1757500171661377,1.177150011062622,30146,1.176960015296936,-4.9996376037642065e-05,1.180036005973816,-6.399869918816137e-05,-0.003075990676880025,41.44785240139019,-1.9277833856389748,1.1761499643325806,1.176300048828125,1.177299976348877,1.1780500411987305,0,0,0,0
2025-09-10 13:00:00+00:00,1.1785500049591064,1.1790499687194824,1.1761499643325806,1.1764999628067017,47538,1.1773500204086305,0.0003900051116945136,1.1800230050086975,-1.3000965118470376e-05,-0.002672984600067041,52.29472958457599,10.846877183185796,1.1757500171661377,1.1761499643325806,1.1793500185012817,1.177299976348877,0,0,0,0
2025-09-10 14:00:00+00:00,1.1792999505996704,1.1796499490737915,1.1781500577926636,1.1785999536514282,39886,1.1776400089263916,0.00028998851776118606,1.1800220036506652,-1.0013580322709714e-06,-0.002381994724273584,55.777134892433246,3.482405307857256,1.1761499643325806,1.1757500171661377,1.1790499687194824,1.1793500185012817,1,0,0,0
2025-09-10 15:00:00+00:00,1.1780999898910522,1.1796000003814697,1.1779500246047974,1.1793500185012817,29294,1.1779299974441528,0.00028998851776118606,1.1799910044670106,-3.0999183654678575e-05,-0.0020610070228577193,49.54502719878187,-6.232107693651379,1.1781500577926636,1.1761499643325806,1.1796499490737915,1.1790499687194824,0,0,0,0
2025-09-10 16:00:00+00:00,1.1770999431610107,1.1782499551773071,1.176900029182434,1.1779999732971191,20564,1.1779399871826173,9.989738464444287e-06,1.1799220037460327,-6.900072097781873e-05,-0.0019820165634154563,45.02944933687609,-4.515577861905776,1.1779500246047974,1.1781500577926636,1.1796000003814697,1.1796499490737915,0,0,0,0
2025-09-10 17:00:00+00:00,1.177150011062622,1.177649974822998,1.1767499446868896,1.1771999597549438,2898,1.1780399799346923,9.999275207506209e-05,1.1798280048370362,-9.399890899652874e-05,-0.0017880249023438655,45.298254882972564,0.26880554609647334,1.176900029182434,1.1779500246047974,1.1782499551773071,1.1796000003814697,0,0,0,0
2025-09-10 18:00:00+00:00,1.1770999431610107,1.1777499914169312,1.176900029182434,1.177150011062622,2992,1.1777499675750733,-0.0002900123596190074,1.1797450041770936,-8.300065994260031e-05,-0.0019950366020202726,45.06095734343966,-0.23729753953290356,1.1767499446868896,1.176900029182434,1.177649974822998,1.1782499551773071,0,0,0,0
2025-09-10 19:00:00+00:00,1.176650047302246,1.1770999431610107,1.1758999824523926,1.177049994468689,2934,1.1772199869155884,-0.0005299806594849521,1.1796420049667358,-0.00010299921035783477,-0.00242201805114739,42.886887073589484,-2.1740702698501764,1.176900029182434,1.1767499446868896,1.1777499914169312,1.177649974822998,0,0,0,0
2025-09-10 20:00:00+00:00,1.175950050354004,1.1767499446868896,1.1758999824523926,1.1765999794006348,0,1.1767899990081787,-0.00042998790740966797,1.1795440053939819,-9.799957275391513e-05,-0.0027540063858031427,39.67911177269007,-3.2077753008994137,1.1758999824523926,1.176900029182434,1.1770999431610107,1.1777499914169312,0,0,0,0
2025-09-10 22:00:00+00:00,1.176650047302246,1.1766999959945679,1.176200032234192,1.1763499975204468,590,1.1767000198364257,-8.99791717530185e-05,1.1794630074501038,-8.099794387805836e-05,-0.002762987613678103,44.17574086799017,4.496629095300101,1.1758999824523926,1.1758999824523926,1.1767499446868896,1.1770999431610107,0,0,0,0
2025-09-10 23:00:00+00:00,1.1765999794006348,1.1770000457763672,1.1764999628067017,1.1765999794006348,209,1.1765900135040284,-0.00011000633239732771,1.17933700799942,-0.00012599945068370033,-0.0027469944953917302,43.92352959338977,-0.2522112746003984,1.176200032234192,1.1758999824523926,1.1766999959945679,1.1767499446868896,0,0,0,0
2025-09-11 00:00:00+00:00,1.1757500171661377,1.176550030708313,1.1757500171661377,1.176550030708313,546,1.1763200283050537,-0.0002699851989746982,1.179192008972168,-0.0001449990272521795,-0.002871980667114249,39.772217507587555,-4.151312085802218,1.1764999628067017,1.176200032234192,1.1770000457763672,1.1766999959945679,0,0,0,0
2025-09-11 01:00:00+00:00,1.1760499477386475,1.1765999794006348,1.1756000518798828,1.1756999492645264,271,1.176200008392334,-0.00012001991271959334,1.1790500068664551,-0.0001420021057128018,-0.0028499984741210405,41.86038854303343,2.0881710354458747,1.1757500171661377,1.1764999628067017,1.176550030708313,1.1770000457763672,0,0,0,0
2025-09-11 02:00:00+00:00,1.1759999990463257,1.1762499809265137,1.1756999492645264,1.1760499477386475,380,1.1762099981307983,9.989738464222242e-06,1.1789120078086852,-0.00013799905776989974,-0.0027020096778869185,41.60170524080845,-0.2586833022249806,1.1756000518798828,1.1757500171661377,1.1765999794006348,1.176550030708313,0,0,0,0
2025-09-11 03:00:00+00:00,1.1758999824523926,1.1763499975204468,1.1757999658584595,1.1759999990463257,225,1.1760599851608275,-0.00015001296997074753,1.1787600064277648,-0.00015200138092041904,-0.002700021266937247,41.05461403222874,-0.5470912085797082,1.1756999492645264,1.1756000518798828,1.1762499809265137,1.1765999794006348,0,0,0,0
2025-09-11 04:00:00+00:00,1.1762499809265137,1.1762499809265137,1.1757500171661377,1.175950050354004,211,1.1759899854660034,-6.999969482412993e-05,1.1786090064048766,-0.00015100002288814807,-0.002619020938873229,43.83797868229545,2.7833646500667086,1.1757999658584595,1.1756999492645264,1.1763499975204468,1.1762499809265137,0,0,0,0
2025-09-11 05:00:00+00:00,1.1753499507904053,1.176300048828125,1.1753000020980835,1.176300048828125,565,1.175909972190857,-8.001327514639556e-05,1.1784330058097838,-0.00017600059509281785,-0.0025230336189268066,38.76838054032338,-5.069598141972072,1.1757500171661377,1.1757999658584595,1.1762499809265137,1.1763499975204468,0,0,0,0
2025-09-11 06:00:00+00:00,1.1754000186920166,1.1759999990463257,1.1747000217437744,1.1753000020980835,3681,1.1757799863815308,-0.00012998580932621628,1.1782700061798095,-0.00016299962997434747,-0.0024900197982786754,39.189676553545446,0.42129601322206867,1.1753000020980835,1.1757500171661377,1.176300048828125,1.1762499809265137,0,0,0,0
2025-09-11 07:00:00+00:00,1.1756000518798828,1.175950050354004,1.1749999523162842,1.1754499673843384,12447,1.1756999969482422,-7.998943328857422e-05,1.1781210064888001,-0.00014899969100934385,-0.0024210095405579057,40.938099003540145,1.748422449994699,1.1747000217437744,1.1753000020980835,1.1759999990463257,1.176300048828125,0,0,0,0
2025-09-11 08:00:00+00:00,1.1756500005722046,1.1758999824523926,1.1751999855041504,1.1756500005722046,16327,1.1756500005722046,-4.9996376037642065e-05,1.1779550075531007,-0.0001659989356994629,-0.002305006980896085,41.391245164930226,0.45314616139008024,1.1749999523162842,1.1747000217437744,1.175950050354004,1.1759999990463257,0,0,0,0
2025-09-11 09:00:00+00:00,1.1749500036239624,1.1756999492645264,1.174149990081787,1.1755499839782715,37208,1.1753900051116943,-0.0002599954605102539,1.1777630066871643,-0.00019200086593640364,-0.002373001575469935,37.09576318129954,-4.295481983630687,1.1751999855041504,1.1749999523162842,1.1758999824523926,1.175950050354004,0,0,0,0
2025-09-11 10:00:00+00:00,1.1747000217437744,1.1752500534057617,1.174299955368042,1.1749500036239624,18390,1.1752600193023681,-0.00012998580932621628,1.177594006061554,-0.00016900062561031604,-0.0023339867591858354,35.672030960890794,-1.4237322204087448,1.174149990081787,1.1751999855041504,1.1756999492645264,1.1758999824523926,0,0,0,0
2025-09-11 11:00:00+00:00,1.1747499704360962,1.1755000352859497,1.1742000579833984,1.174649953842163,7611,1.175130009651184,-0.00013000965118403762,1.177450006008148,-0.0001440000534058683,-0.0023199963569640047,36.198935817792105,0.5269048569013108,1.174299955368042,1.174149990081787,1.1752500534057617,1.1756999492645264,0,0,0,0
2025-09-11 12:00:00+00:00,1.1778000593185425,1.1783499717712402,1.1717499494552612,1.1747499704360962,39934,1.175570011138916,0.0004400014877319336,1.177354006767273,-9.599924087511091e-05,-0.0017839956283569602,58.534346155553386,22.33541033776128,1.1742000579833984,1.174299955368042,1.1755000352859497,1.1752500534057617,0,1,0,0
2025-09-11 13:00:00+00:00,1.1801999807357788,1.1804499626159668,1.1777000427246094,1.1778500080108643,26962,1.1764800071716308,0.0009099960327147993,1.1772900056838989,-6.400108337412114e-05,-0.0008099985122680398,68.02078179834841,9.486435642795023,1.1717499494552612,1.1742000579833984,1.1783499717712402,1.1755000352859497,0,0,0,0
2025-09-11 14:00:00+00:00,1.1791000366210938,1.180799961090088,1.1787999868392944,1.1802500486373901,41132,1.177310013771057,0.0008300065994262251,1.177232005596161,-5.800008773793053e-05,7.800817489611589e-05,61.11917357618487,-6.901608222163539,1.1777000427246094,1.1717499494552612,1.1804499626159668,1.1783499717712402,0,0,0,0
2025-09-11 15:00:00+00:00,1.1794999837875366,1.180899977684021,1.1789499521255493,1.1790499687194824,27028,1.1782700061798095,0.0009599924087524414,1.1772040057182311,-2.79998779297852e-05,0.0010660004615783425,62.60490402078741,1.4857304446025381,1.1787999868392944,1.1777000427246094,1.180799961090088,1.1804499626159668,1,0,0,0
2025-09-11 16:00:00+00:00,1.1799499988555908,1.180299997329712,1.1793999671936035,1.1794500350952148,20796,1.1793100118637085,0.001040005683899059,1.17719500541687,-9.000301361083984e-06,0.0021150064468384855,64.25979973710943,1.6548957163220237,1.1789499521255493,1.1787999868392944,1.180899977684021,1.180799961090088,0,0,0,0
2025-09-11 17:00:00+00:00,1.1794999837875366,1.1801999807357788,1.1791000366210938,1.1799999475479126,4770,1.1796499967575074,0.0003399848937988281,1.1771670055389405,-2.7999877929563155e-05,0.0024829912185668768,61.33658798214795,-2.9232117549614856,1.1793999671936035,1.1789499521255493,1.180299997329712,1.180899977684021,0,0,0,0
2025-09-11 18:00:00+00:00,1.179900050163269,1.180150032043457,1.1793999671936035,1.1794999837875366,25144,1.1795900106430053,-5.998611450208635e-05,1.1771710062026977,4.000663757164347e-06,0.002419004440307626,62.95019051654184,1.6136025343938911,1.1791000366210938,1.1793999671936035,1.1801999807357788,1.180299997329712,0,0,0,0
2025-09-11 19:00:00+00:00,1.1799999475479126,1.1801999807357788,1.1796000003814697,1.1798499822616577,8172,1.1797699928283691,0.00017998218536385835,1.1771940040588378,2.2997856140127837e-05,0.0025759887695313566,63.36138023265707,0.41118971611523136,1.1793999671936035,1.1791000366210938,1.180150032043457,1.1801999807357788,0,0,0,0
2025-09-11 20:00:00+00:00,1.179800033569336,1.1802500486373901,1.1797499656677246,1.180050015449524,2729,1.179830002784729,6.000995635990769e-05,1.1772190046310425,2.500057220466978e-05,0.0026109981536865945,61.88128614383488,-1.4800940888221916,1.1796000003814697,1.1793999671936035,1.1801999807357788,1.180150032043457,0,0,0,0
2025-09-11 22:00:00+00:00,1.180150032043457,1.1803499460220337,1.1797000169754028,1.179800033569336,0,1.1798700094223022,4.000663757319778e-05,1.177270004749298,5.100011825565076e-05,0.0026000046730041415,63.48930971653618,1.608023572701299,1.1797499656677246,1.1796000003814697,1.1802500486373901,1.1801999807357788,0,0,0,0
2025-09-11 23:00:00+00:00,1.1794999837875366,1.1802500486373901,1.1794999837875366,1.180150032043457,626,1.1798700094223022,0.0,1.177313003540039,4.299879074087798e-05,0.0025570058822632635,58.549171962209854,-4.940137754326322,1.1797000169754028,1.1797499656677246,1.1803499460220337,1.1802500486373901,0,0,0,0
2025-09-12 00:00:00+00:00,1.179550051689148,1.1797000169754028,1.1790000200271606,1.1794999837875366,2663,1.1798000097274781,-6.999969482412993e-05,1.1773580050468444,4.500150680541992e-05,0.0024420046806337137,58.81498492694288,0.26581296473302274,1.1794999837875366,1.1797000169754028,1.1802500486373901,1.1803499460220337,1,0,0,0
2025-09-12 01:00:00+00:00,1.1788500547409058,1.1796499490737915,1.1787999868392944,1.1796000003814697,1999,1.1795700311660766,-0.00022997856140150041,1.1773850059509277,2.7000904083251953e-05,0.0021850252151489613,53.636259648595285,-5.178725278347592,1.1790000200271606,1.1794999837875366,1.1797000169754028,1.1802500486373901,0,0,0,0
2025-09-12 02:00:00+00:00,1.1790000200271606,1.1791499853134155,1.1785999536514282,1.1788500547409058,2305,1.1794100284576416,-0.00016000270843496978,1.1774090051651,2.399921417239881e-05,0.0020010232925415927,54.559380173550984,0.9231205249556993,1.1787999868392944,1.1790000200271606,1.1796499490737915,1.1797000169754028,0,0,0,0
2025-09-12 03:00:00+00:00,1.1787500381469727,1.1789499521255493,1.1785500049591064,1.1789000034332275,2122,1.1791300296783447,-0.0002799987792969638,1.177446005344391,3.7000179290869184e-05,0.0016840243339537597,52.676597763069644,-1.8827824104813402,1.1785999536514282,1.1787999868392944,1.1791499853134155,1.1796499490737915,0,1,0,0
